Education,Marital_Status,Income,Recency,Complain,Age,Engaged_Days,Kids,Expenses,TotalAcceptedCampaign,NumTotalPurchases
0,1,58138.0,58,0,57,971,0,1617,1,25
0,1,46344.0,38,0,60,125,2,27,0,6
0,0,71613.0,26,0,49,472,0,776,0,21
0,0,26646.0,26,0,30,65,1,53,0,8
0,0,58293.0,94,0,33,321,1,422,0,19
0,0,62513.0,16,0,47,453,1,716,0,22
0,1,55635.0,34,0,43,753,1,590,0,21
0,0,33454.0,32,0,29,488,1,169,0,10
0,0,30351.0,19,0,40,548,1,46,1,6
0,0,5648.0,68,0,64,268,2,49,1,2
1,0,7500.0,59,0,38,753,0,61,0,6
0,1,63033.0,82,0,55,386,0,1102,0,16
0,1,59354.0,53,0,62,386,2,310,0,15
0,0,17323.0,38,0,27,787,0,46,0,5
0,1,82800.0,23,0,68,742,0,1315,3,26
0,0,41850.0,51,0,34,712,2,96,0,9
0,0,37760.0,20,0,68,827,0,317,0,13
0,0,76995.0,91,0,65,618,1,1782,1,26
0,1,33812.0,86,0,29,1000,1,133,0,8
0,0,37040.0,41,0,32,850,0,316,0,12
0,0,2447.0,42,0,35,553,1,1730,0,43
0,0,58607.0,63,0,65,713,1,972,1,17
0,0,65324.0,0,0,60,35,1,544,0,20
0,0,40689.0,69,0,63,628,1,444,0,20
0,1,18589.0,89,0,45,673,0,75,0,8
0,0,53359.0,4,0,38,558,2,257,0,14
0,0,38360.0,26,0,25,554,1,131,0,9
0,0,84618.0,96,0,49,379,0,1672,1,26
0,1,10979.0,34,0,25,198,0,30,0,8
0,0,38620.0,56,0,51,396,0,318,0,11
0,0,40548.0,31,0,44,787,1,120,1,9
0,1,46610.0,8,0,62,768,2,302,1,17
0,0,68657.0,4,0,68,654,0,1196,0,18
0,1,49389.0,55,0,63,464,2,65,0,6
0,0,67353.0,37,0,44,340,1,913,0,28
0,0,23718.0,76,0,38,665,1,81,0,9
0,1,42429.0,99,0,41,34,1,67,0,7
0,1,48948.0,53,0,71,703,0,902,2,24
0,0,80011.0,3,0,34,586,1,1395,0,21
0,0,20559.0,88,0,29,368,1,53,0,7
0,0,21994.0,4,0,57,712,1,22,0,4
0,0,7500.0,19,0,39,664,1,31,0,8
0,1,79941.0,72,0,38,161,0,984,0,16
0,0,7500.0,24,0,18,816,0,122,1,10
0,0,41728.0,92,0,46,561,1,55,0,5
0,0,72550.0,39,0,60,847,2,1319,0,28
0,1,65486.0,29,0,57,1,1,507,0,17
0,0,79143.0,2,0,50,758,0,1693,0,29
0,1,35790.0,54,0,37,673,1,72,0,7
0,1,82582.0,54,0,37,153,0,1617,3,21
0,0,66373.0,57,0,36,365,2,606,0,23
0,0,82384.0,55,0,59,747,0,1957,2,27
0,1,70287.0,30,0,48,670,0,1093,1,21
0,1,27938.0,31,0,26,222,1,29,0,6
0,0,55954.0,63,0,46,278,1,518,0,19
0,1,75777.0,12,0,32,608,0,1438,3,21
0,0,66653.0,18,0,39,880,2,612,0,22
0,1,61823.0,26,0,62,656,1,884,0,24
0,1,67680.0,8,0,63,395,1,606,0,19
0,0,70666.0,29,0,66,542,0,1076,0,16
0,0,25721.0,75,0,43,564,1,34,1,5
0,0,32474.0,0,0,47,31,2,11,0,4
0,1,88194.0,19,0,35,262,1,1274,3,32
0,0,69096.0,4,0,56,435,1,653,0,18
0,0,74854.0,90,0,44,489,3,1562,0,19
0,0,66991.0,1,0,60,757,0,1253,0,21
0,0,65031.0,29,0,55,629,1,863,0,30
0,0,60631.0,88,0,39,581,2,661,1,24
0,0,28332.0,58,0,62,220,0,65,0,8
0,1,40246.0,68,0,37,717,1,13,0,4
0,0,75251.0,34,0,42,831,0,1890,1,19
0,1,75825.0,40,0,38,726,0,2209,2,22
0,0,26326.0,12,1,38,606,0,18,0,4
0,0,56046.0,9,0,49,673,0,692,2,21
0,1,29760.0,87,0,29,829,1,165,0,12
0,0,26304.0,5,0,45,531,1,16,0,4
0,0,23559.0,87,0,41,639,1,79,0,9
0,0,38620.0,56,0,51,396,0,318,0,11
0,1,81361.0,18,0,27,284,0,778,0,27
0,0,29440.0,95,0,54,393,2,56,0,7
0,0,36138.0,48,0,44,508,2,151,1,13
0,1,50388.0,3,0,57,192,1,372,3,17
0,0,79593.0,70,0,41,1,0,1366,1,19
0,0,54178.0,79,0,47,319,1,194,0,10
0,1,42394.0,69,0,42,258,1,32,0,5
0,0,23626.0,84,0,44,196,1,43,0,10
0,0,30096.0,30,0,31,198,1,45,0,6
0,1,47916.0,72,0,54,744,1,606,1,22
0,1,51813.0,37,0,42,397,2,63,0,7
0,0,78497.0,44,0,63,693,0,978,1,25
0,0,50150.0,32,0,31,534,0,410,0,16
0,1,47823.0,0,0,54,501,1,72,0,7
0,1,34554.0,43,0,55,251,1,55,0,7
0,0,85693.0,59,0,35,595,1,1169,0,27
0,0,65846.0,68,0,69,568,0,1120,0,16
0,0,87195.0,35,0,55,123,0,1097,1,20
1,0,24594.0,94,0,35,420,1,29,0,5
0,0,49096.0,15,0,50,438,2,187,0,13
0,0,52413.0,56,0,45,672,2,910,0,26
0,1,38557.0,17,0,36,717,1,145,0,9
0,0,89058.0,18,0,54,877,0,850,0,14
0,0,77298.0,46,0,35,663,1,969,0,24
0,1,68126.0,40,0,23,786,0,1820,2,17
0,0,57288.0,27,0,51,164,1,608,1,20
0,1,86037.0,95,0,23,673,0,730,3,25
0,0,43974.0,19,0,34,724,1,551,0,21
0,1,50785.0,27,0,52,423,2,114,0,8
0,0,90765.0,25,0,44,316,0,1724,2,15
0,0,36550.0,74,0,36,655,1,577,0,20
0,0,30753.0,85,0,47,394,2,81,0,7
0,0,21918.0,37,0,45,387,1,33,0,7
0,0,56129.0,65,0,61,534,1,660,0,22
0,1,32557.0,13,0,47,285,1,80,1,9
0,0,19510.0,63,0,29,606,2,30,0,6
0,1,30992.0,83,0,38,593,1,43,0,5
0,1,101970.0,69,0,31,368,0,1135,4,27
0,0,71488.0,87,0,49,656,0,559,0,16
0,1,79607.0,37,0,30,594,0,1923,1,16
0,0,54348.0,51,0,61,122,2,90,0,8
0,0,77376.0,72,0,58,62,2,661,0,23
0,0,62998.0,10,0,62,432,1,463,0,19
0,1,61331.0,42,0,56,429,2,632,0,23
0,0,73448.0,10,0,45,65,0,725,0,19
0,0,41551.0,51,0,50,479,2,279,0,16
0,0,62981.0,21,0,47,629,0,1482,1,23
1,1,9548.0,31,0,38,850,1,29,0,6
0,0,33762.0,61,0,55,517,3,106,0,9
0,1,35860.0,37,0,41,201,2,49,2,6
0,1,36921.0,74,0,49,496,2,38,0,7
0,1,92859.0,46,0,22,778,0,2077,0,22
0,0,65104.0,4,0,38,387,1,1053,1,17
0,0,86111.0,73,0,52,596,0,1385,0,23
0,1,68352.0,47,0,40,465,1,871,0,25
0,0,41883.0,13,0,26,627,1,312,0,12
0,0,59809.0,36,0,38,779,2,877,0,15
0,0,23957.0,47,0,39,769,1,68,1,6
0,0,38547.0,49,1,33,465,1,22,0,4
0,0,35688.0,94,0,41,836,3,211,0,16
0,0,49605.0,65,0,48,168,0,127,0,8
0,0,59354.0,59,0,61,226,2,459,0,16
0,0,65747.0,96,0,45,156,1,460,1,19
0,0,46344.0,28,0,42,722,1,429,0,17
0,1,34176.0,12,0,26,1,1,89,0,11
0,0,61010.0,57,0,62,817,1,1021,0,26
0,0,69372.0,10,0,65,655,0,1381,3,21
0,1,49967.0,4,0,56,486,1,306,0,15
0,1,60199.0,49,0,36,362,3,18,0,4
0,0,55375.0,3,0,37,415,1,162,0,9
0,1,80317.0,64,0,59,473,0,1231,0,18
0,1,30523.0,0,0,56,698,3,13,0,4
0,0,70356.0,20,0,69,939,0,1706,0,27
0,0,23228.0,91,0,30,219,1,121,0,11
0,1,74165.0,9,0,39,700,0,1293,0,20
0,0,157243.0,98,0,41,337,1,1608,0,37
0,0,43482.0,83,0,48,388,3,88,0,9
0,1,62551.0,27,0,61,383,0,421,1,18
0,1,52332.0,63,0,55,465,0,259,1,12
0,1,66951.0,46,0,26,663,0,1117,0,15
0,0,26091.0,84,0,57,284,2,89,0,9
0,0,33456.0,58,0,49,229,2,36,0,6
0,0,28718.0,78,0,32,511,1,57,0,7
0,0,50447.0,4,0,44,229,2,148,0,8
0,0,53537.0,17,0,55,310,2,93,0,8
0,1,52074.0,77,0,47,246,1,119,1,7
0,0,80427.0,56,0,39,727,1,1835,0,28
0,0,83837.0,79,0,66,720,0,1318,3,25
0,0,38853.0,90,0,44,197,2,45,0,7
0,0,38285.0,96,0,55,165,3,10,0,4
0,0,78497.0,44,0,63,693,0,978,1,25
0,0,51650.0,81,0,38,31,1,191,0,10
0,0,16248.0,77,0,26,62,1,57,0,9
0,0,66835.0,21,0,68,434,0,1033,0,24
0,0,30477.0,16,0,30,318,1,66,0,6
1,0,28249.0,80,0,53,174,0,43,0,6
0,0,25271.0,45,0,31,938,1,50,0,5
0,1,32303.0,63,0,44,125,1,39,0,7
0,0,61286.0,34,0,48,666,1,608,0,18
0,0,74068.0,14,0,38,627,0,1581,0,24
0,0,45759.0,13,0,50,651,2,68,0,7
1,0,24882.0,52,0,36,818,1,80,1,5
0,0,66973.0,98,0,25,568,0,1282,0,28
0,0,38872.0,93,0,26,555,1,91,0,8
0,0,51148.0,38,0,41,656,2,315,0,16
0,0,31353.0,24,0,37,342,2,31,0,6
0,0,69661.0,80,0,34,207,0,834,0,23
0,0,80067.0,82,0,60,443,0,1600,1,17
0,0,86718.0,20,0,60,688,0,1270,0,17
0,1,46854.0,81,0,41,250,2,263,2,15
0,1,69142.0,50,0,62,160,1,535,1,19
0,1,75922.0,60,0,46,450,0,1295,0,18
0,1,63693.0,63,0,36,418,1,1150,0,29
0,0,102160.0,54,0,37,1029,0,1240,4,26
0,1,40637.0,72,0,49,507,2,38,0,6
0,1,18890.0,5,0,30,786,0,35,2,4
0,0,29604.0,88,0,26,481,1,53,1,5
0,1,48721.0,50,0,51,572,2,293,0,17
0,0,44794.0,99,0,48,122,1,65,0,6
0,1,64497.0,17,0,60,788,1,1804,2,29
0,0,46097.0,11,0,58,615,1,241,0,15
0,0,77972.0,18,0,60,263,0,1101,0,20
0,0,44377.0,70,0,46,940,2,264,0,19
0,0,46014.0,21,0,40,684,2,541,0,26
0,0,70951.0,66,0,29,610,0,1198,0,17
0,0,41443.0,79,0,37,336,1,482,0,20
0,1,52195.0,2,0,36,1,3,17,0,4
0,0,83790.0,81,0,66,386,0,1615,2,25
0,1,44551.0,24,0,60,462,1,285,0,12
0,0,69508.0,48,0,34,752,1,1135,0,28
0,0,45204.0,93,0,26,32,1,114,0,7
0,0,72460.0,56,0,45,387,0,1047,0,16
0,0,77622.0,3,0,44,236,2,714,0,22
0,0,30732.0,44,0,34,584,1,185,0,13
0,1,63887.0,38,0,52,849,1,1245,0,32
0,0,42011.0,46,0,36,620,1,189,0,12
0,0,51369.0,84,0,38,772,1,576,0,16
0,1,51537.0,27,0,62,815,1,1103,0,18
0,0,79930.0,72,0,42,850,0,1753,0,17
0,0,34320.0,66,0,28,293,1,17,0,4
0,1,37070.0,30,0,48,626,2,433,1,23
0,1,81975.0,2,0,52,584,1,1588,1,14
0,0,38590.0,65,0,43,570,1,22,0,4
0,1,15033.0,37,0,63,234,0,19,0,5
0,0,62745.0,89,0,49,623,1,1117,0,29
0,0,22212.0,49,0,39,450,1,69,0,8
0,0,23661.0,46,0,32,603,1,23,0,5
0,1,79761.0,32,0,56,605,1,605,0,19
0,1,7500.0,54,0,41,345,1,57,0,11
0,1,73455.0,98,0,46,404,0,2088,1,22
0,0,64961.0,97,0,56,713,1,1009,0,16
0,1,22804.0,75,0,43,493,1,26,0,5
0,0,73687.0,8,0,24,373,0,1627,2,22
0,0,61074.0,37,0,56,841,1,1102,0,31
0,0,31686.0,31,0,50,214,2,17,0,6
0,0,80134.0,40,0,42,565,1,1690,4,16
0,0,75027.0,74,0,61,461,1,1390,0,21
0,0,67546.0,90,0,26,827,0,2126,0,20
0,0,65176.0,57,0,45,768,1,1531,0,25
0,1,31160.0,59,0,39,446,1,64,0,7
0,1,29938.0,52,0,29,405,1,26,0,6
0,1,102692.0,5,0,40,581,0,1112,5,29
0,0,26490.0,92,0,56,805,0,210,0,11
0,0,75702.0,77,0,47,829,2,1148,0,26
0,1,30899.0,35,0,40,784,1,33,0,6
0,0,63342.0,48,0,53,781,1,1101,1,19
0,1,45989.0,97,0,50,775,1,322,0,16
0,1,18701.0,95,0,50,609,2,44,0,10
0,1,40737.0,24,0,57,481,3,17,0,4
0,1,15287.0,60,0,35,787,1,31,2,6
0,1,69674.0,46,0,46,563,2,845,0,25
0,0,44159.0,85,0,44,172,1,275,0,15
0,0,37717.0,31,0,36,743,1,25,0,4
0,0,43776.0,9,0,62,644,2,275,1,17
0,0,38179.0,30,0,48,632,2,90,0,11
0,0,80124.0,47,0,51,163,0,1495,1,19
0,0,38097.0,70,0,44,782,2,184,2,11
0,0,72940.0,13,0,44,535,0,981,0,13
0,0,22070.0,11,0,44,605,1,67,0,8
0,1,69267.0,31,0,61,805,0,1635,1,14
0,1,31788.0,15,1,31,261,1,60,0,10
0,0,61905.0,2,0,39,248,1,231,0,12
0,0,29315.0,55,0,54,185,2,48,0,10
0,1,33378.0,38,0,51,552,2,99,0,9
0,0,66313.0,86,0,51,446,1,770,0,23
0,1,60714.0,56,0,58,688,0,957,1,23
0,0,77882.0,29,0,33,220,0,818,0,12
0,1,69867.0,30,0,28,670,0,925,2,17
0,1,63841.0,64,0,46,594,1,908,0,22
1,0,24480.0,46,0,33,399,1,102,0,10
0,0,51369.0,84,0,38,772,1,576,0,16
0,0,37760.0,20,0,68,827,0,317,0,13
0,0,65640.0,74,0,40,337,1,461,0,15
0,0,44319.0,18,0,39,233,2,37,0,7
0,0,30631.0,75,0,40,364,1,70,0,7
0,0,75278.0,17,0,62,676,0,930,0,23
0,0,50898.0,88,0,58,492,2,859,0,33
0,1,79946.0,19,0,48,1,0,1478,0,22
0,1,35416.0,62,0,65,541,0,390,0,16
0,0,32414.0,11,0,30,608,0,52,1,5
0,0,38361.0,74,0,45,344,1,137,0,10
0,0,82497.0,32,0,34,766,0,1919,1,19
0,0,16626.0,76,0,43,325,2,68,0,9
0,0,29672.0,6,0,49,368,2,25,0,4
0,0,55951.0,62,0,62,835,1,1374,2,23
0,1,35388.0,20,0,26,521,1,32,0,5
0,0,42386.0,43,0,28,692,1,100,0,7
0,1,68627.0,45,0,32,370,0,825,0,12
0,1,57912.0,34,0,49,264,1,916,1,28
0,1,35246.0,53,0,56,234,2,62,0,11
0,0,58821.0,44,0,58,361,1,728,0,21
0,0,46377.0,89,0,36,337,1,90,0,7
0,1,39747.0,43,0,26,237,1,273,0,13
0,0,23976.0,68,0,30,344,1,66,0,10
0,0,80950.0,44,0,53,618,0,1213,1,23
0,1,27038.0,64,0,48,809,0,107,1,7
0,1,77457.0,85,0,67,217,0,1157,1,18
0,0,64100.0,93,0,50,423,1,546,1,18
0,0,42670.0,12,0,22,588,0,241,0,11
0,1,12571.0,86,0,38,322,1,53,0,11
0,0,22574.0,28,0,47,404,3,37,0,7
0,1,70893.0,42,0,38,552,0,1508,0,23
0,0,54198.0,13,0,48,354,2,235,0,16
0,0,28839.0,86,0,58,33,2,32,0,7
0,0,40321.0,59,0,42,495,2,102,0,8
0,1,66503.0,30,0,29,844,1,401,0,15
0,0,30833.0,33,0,63,508,2,28,0,6
0,0,64795.0,23,0,43,688,1,680,0,21
0,0,34421.0,81,0,40,698,1,30,0,4
0,1,47025.0,6,0,49,95,2,20,0,4
0,1,64325.0,41,0,53,522,1,1307,0,23
0,1,40464.0,78,0,61,400,1,630,0,24
0,0,62187.0,49,0,57,578,0,1283,0,18
0,1,14849.0,39,0,38,667,1,65,0,9
0,0,27255.0,3,0,30,513,1,37,0,5
0,0,54432.0,37,0,64,457,3,38,0,5
0,1,29999.0,22,0,28,661,1,160,0,12
0,1,24072.0,79,0,31,599,1,23,0,4
0,1,33996.0,46,0,25,392,0,71,0,6
0,0,66334.0,82,0,58,642,1,1161,1,19
0,0,35178.0,10,0,43,431,1,59,2,5
0,0,22010.0,51,0,31,524,1,33,0,7
0,1,62204.0,38,0,54,727,2,946,0,22
0,1,75693.0,10,0,46,907,0,1442,4,22
0,0,30675.0,14,0,42,725,1,62,0,5
0,0,83003.0,18,0,49,643,0,1674,2,22
0,1,68655.0,95,0,26,789,0,1538,0,21
0,1,41411.0,11,0,28,512,0,139,0,8
0,0,55212.0,65,0,45,743,1,1182,2,20
0,0,59292.0,71,0,64,541,1,507,0,18
1,0,27190.0,13,0,41,478,1,18,2,4
0,1,82623.0,58,0,62,421,0,940,0,16
0,0,44300.0,65,0,49,531,2,42,0,6
0,1,84835.0,0,0,44,173,0,1190,1,15
0,1,30372.0,33,0,43,711,2,44,0,8
0,0,33181.0,90,0,38,280,1,16,1,4
0,0,71113.0,95,0,57,354,1,835,0,26
0,0,71952.0,93,0,28,431,1,1443,2,22
0,1,69759.0,38,0,48,404,0,1029,1,18
0,0,72099.0,18,0,40,770,0,1188,0,18
0,1,60000.0,57,0,38,714,1,1277,0,24
0,1,38643.0,45,1,36,372,2,49,0,7
0,0,50737.0,61,0,59,396,1,99,1,7
0,0,68462.0,6,0,45,724,0,1670,0,15
0,0,65073.0,65,1,71,473,0,900,0,14
0,0,46681.0,52,0,66,483,2,425,0,16
0,0,78618.0,87,0,57,799,0,2153,1,22
0,1,62187.0,38,0,45,259,1,636,0,21
0,0,28442.0,53,0,36,285,2,57,0,10
0,0,37717.0,31,0,36,743,1,25,0,4
0,0,51479.0,67,0,47,708,2,494,0,22
0,1,54803.0,65,0,45,837,1,693,0,19
0,0,79530.0,64,0,54,568,0,1348,0,26
0,1,31615.0,82,0,38,630,1,51,0,7
0,0,72025.0,27,0,52,749,0,1932,0,16
0,1,52614.0,63,0,39,1059,1,990,0,16
0,0,35684.0,66,0,30,228,1,30,0,5
0,0,48178.0,69,0,39,769,2,254,0,16
0,1,29548.0,52,0,44,464,1,29,1,5
0,1,63810.0,45,0,48,755,1,1371,1,23
0,1,38578.0,2,0,42,532,2,73,1,9
0,1,46098.0,86,0,39,840,2,120,0,11
0,1,22585.0,23,0,44,628,0,81,2,5
0,1,30279.0,13,0,25,706,1,37,0,5
0,0,66426.0,14,0,53,664,1,1377,0,20
0,1,30822.0,92,0,45,540,1,51,0,5
0,0,33581.0,38,0,45,492,2,17,0,4
0,0,19986.0,74,0,29,387,1,22,0,4
0,1,27421.0,14,0,60,724,0,324,0,14
0,0,35688.0,94,0,41,836,3,211,0,16
0,1,36143.0,33,0,33,251,1,19,0,4
0,1,10245.0,32,0,43,570,1,41,0,8
0,0,43795.0,11,0,46,416,1,492,2,17
0,0,63381.0,78,0,54,940,1,1005,0,26
0,0,38823.0,56,0,65,828,1,114,0,7
0,1,83664.0,57,0,46,488,2,1173,0,19
0,0,90300.0,7,0,35,280,0,1738,1,19
0,0,62499.0,0,0,35,450,1,222,0,12
0,1,74293.0,66,0,21,245,0,1127,0,16
0,0,51012.0,86,0,68,597,0,209,0,10
0,0,70777.0,80,0,46,284,1,787,0,23
0,0,68682.0,56,0,23,544,0,1598,0,24
0,0,43824.0,18,0,43,812,2,186,0,12
0,0,15345.0,51,0,30,827,1,47,1,6
0,1,23442.0,71,0,27,712,1,27,0,5
0,0,14515.0,71,0,34,816,1,96,1,11
0,1,31395.0,80,0,58,623,2,64,0,10
0,0,75276.0,2,0,49,800,0,1040,0,23
0,1,42373.0,83,0,40,478,2,163,0,13
0,0,30507.0,29,0,54,398,0,343,0,11
0,1,55521.0,11,0,59,410,3,446,2,24
0,0,48006.0,55,0,49,91,2,41,0,5
0,1,27213.0,19,0,42,828,1,70,1,9
0,1,65808.0,1,0,43,190,2,272,0,14
0,0,30351.0,19,0,40,548,1,46,0,6
0,0,50437.0,28,0,51,780,2,490,0,19
0,1,23616.0,76,0,32,749,1,79,1,8
0,0,53858.0,50,0,38,816,1,915,0,17
0,0,66465.0,1,0,59,616,1,1485,1,35
0,1,46923.0,90,0,27,836,1,369,0,16
0,0,75072.0,83,0,52,682,1,1073,0,19
0,0,75865.0,73,0,71,250,0,1242,0,19
0,0,19789.0,24,0,39,381,1,78,1,9
0,0,80134.0,11,0,20,295,0,1378,4,21
0,1,91065.0,33,0,33,652,0,1474,3,26
0,0,49505.0,4,0,43,582,2,751,0,29
0,0,37401.0,14,0,41,184,1,48,0,7
0,0,30096.0,30,0,31,198,1,45,0,6
0,0,18492.0,75,0,32,214,1,10,0,4
0,0,82584.0,26,0,40,609,0,1435,3,16
0,0,93027.0,77,0,73,602,0,2119,1,22
0,0,48686.0,8,0,61,603,3,20,0,4
0,0,92910.0,42,0,28,226,0,1795,3,27
0,0,75433.0,28,0,25,216,1,1188,2,19
0,0,10404.0,52,0,25,245,1,43,0,7
0,0,61314.0,1,0,46,590,1,1008,0,24
0,1,84865.0,1,0,53,457,0,1688,5,16
0,0,42387.0,42,0,25,768,1,684,0,21
0,0,67309.0,76,0,47,682,2,1082,0,39
0,0,75236.0,27,0,50,376,1,1068,0,25
0,1,30015.0,28,0,44,307,1,57,0,7
0,0,50943.0,49,0,58,533,1,46,0,5
0,1,67272.0,12,0,48,350,1,733,0,23
0,1,51529.0,14,0,65,515,1,467,0,17
0,0,32011.0,89,0,43,471,1,122,0,10
0,0,7500.0,96,0,28,522,1,36,0,7
0,0,28691.0,56,0,25,608,1,34,0,5
0,0,56223.0,72,0,66,351,1,156,0,10
0,0,18100.0,14,0,68,546,0,14,0,4
0,1,30279.0,13,0,25,706,1,37,0,5
0,0,20130.0,99,0,40,264,0,34,0,5
0,1,23295.0,72,0,55,511,0,20,0,4
0,1,42618.0,92,0,42,452,1,192,0,11
0,1,81246.0,87,0,50,342,0,1379,2,17
0,0,24027.0,7,0,38,456,1,48,0,7
0,0,55707.0,91,0,61,349,1,428,0,16
0,1,57959.0,71,0,59,669,1,868,0,27
0,0,56796.0,24,0,45,658,1,1001,0,27
0,1,36230.0,17,0,43,415,1,59,0,7
0,0,70829.0,87,0,34,693,2,431,0,16
0,0,65991.0,21,0,38,880,1,971,0,27
0,0,38988.0,90,0,42,838,3,348,0,19
0,1,89572.0,44,0,48,812,0,2059,3,24
0,0,42207.0,71,0,30,701,1,265,2,14
0,0,50300.0,52,0,62,195,1,270,0,13
0,0,66664.0,78,0,32,802,0,1289,0,19
0,0,60597.0,2,0,50,339,1,893,2,16
0,1,70165.0,60,0,65,440,0,926,0,22
0,1,50520.0,25,0,56,312,1,135,0,9
0,0,80124.0,47,0,51,163,0,1495,1,19
0,0,33183.0,46,0,39,285,1,120,0,9
0,1,66582.0,83,0,45,278,0,1288,0,20
0,0,75261.0,17,0,59,592,0,1743,3,17
0,1,31880.0,13,0,44,766,1,15,0,4
0,0,53790.0,86,0,63,186,2,542,0,20
0,0,49269.0,92,0,43,843,1,890,0,25
0,0,61456.0,47,0,39,619,1,1388,0,33
0,0,37406.0,18,0,34,422,1,17,1,4
0,0,56937.0,81,0,33,972,1,906,2,30
0,0,38415.0,91,0,36,673,2,44,0,6
0,1,20518.0,58,0,26,202,1,25,0,5
0,0,62503.0,40,0,58,656,1,973,0,26
0,1,41644.0,67,0,42,92,2,31,0,6
0,0,55842.0,19,0,37,197,1,518,0,17
0,0,62010.0,93,0,42,774,1,530,0,19
0,0,41124.0,41,0,37,766,1,506,0,21
0,0,38961.0,60,0,41,341,1,70,0,6
0,1,37760.0,54,0,42,393,1,54,0,6
0,1,32233.0,26,0,40,839,1,296,2,12
0,0,43057.0,30,0,39,402,1,266,0,15
0,0,83151.0,93,0,54,787,0,747,0,19
0,1,78825.0,35,0,50,813,0,895,1,29
0,0,65104.0,4,0,38,387,1,1053,0,17
0,0,60093.0,92,0,40,528,1,735,0,21
0,0,14045.0,24,0,45,314,1,20,0,5
0,1,28457.0,96,0,62,769,0,205,0,10
0,0,78952.0,11,0,56,803,1,2092,0,21
0,1,46310.0,99,0,38,999,1,309,0,14
0,0,76005.0,72,0,59,652,0,1722,1,22
0,1,58308.0,77,0,50,370,1,900,0,15
0,1,55614.0,85,0,70,374,0,682,1,20
0,1,59432.0,88,0,52,602,1,663,0,22
0,1,55563.0,22,0,36,216,1,43,0,6
0,0,78642.0,83,0,43,594,1,1816,0,18
0,0,67911.0,63,0,65,198,1,976,0,27
0,0,65275.0,9,0,70,642,0,746,0,21
0,0,27203.0,92,0,64,911,2,64,0,6
0,0,48330.0,2,0,53,386,1,32,0,5
1,0,24279.0,6,0,24,707,0,263,0,9
0,0,64355.0,66,0,29,834,1,1445,0,21
0,0,50943.0,49,0,58,533,1,46,0,5
0,1,53653.0,29,0,61,878,0,1210,0,28
0,0,65665.0,77,0,38,662,1,945,0,24
0,1,81217.0,77,0,25,505,0,1157,0,22
0,0,34935.0,71,0,22,533,0,137,0,8
0,1,61250.0,49,0,55,720,1,730,0,25
0,0,39665.0,97,0,33,560,1,216,1,12
0,1,60152.0,6,0,35,618,1,943,0,23
0,0,48920.0,93,0,50,412,2,347,1,16
0,0,89120.0,78,0,55,264,0,1924,1,19
0,0,44124.0,62,0,68,396,1,397,0,17
0,1,81169.0,47,0,39,601,0,2089,0,22
0,0,36443.0,9,0,53,644,2,138,0,11
0,1,26095.0,77,0,24,524,1,42,0,5
0,0,71367.0,24,0,55,470,0,777,0,17
0,0,80184.0,19,0,70,337,0,1902,2,20
0,1,30630.0,67,0,49,313,2,52,0,7
0,1,73454.0,95,0,27,337,0,1651,1,13
0,0,42691.0,48,0,23,477,0,358,0,13
0,0,70503.0,73,0,61,797,0,1727,2,16
0,0,25545.0,35,0,27,849,1,210,1,10
0,0,32880.0,76,0,28,968,1,42,0,5
0,0,77863.0,20,0,56,374,0,1291,0,20
0,0,50353.0,72,0,37,122,0,442,0,15
0,1,61839.0,20,0,50,728,0,1895,0,17
0,0,49154.0,69,0,54,635,2,411,0,19
0,1,47682.0,80,0,39,659,1,521,0,19
0,1,72679.0,65,0,45,444,1,1168,0,17
0,0,57954.0,52,0,37,171,2,493,1,23
0,0,65316.0,65,0,52,591,2,260,0,12
0,1,28567.0,57,0,32,537,1,46,0,7
0,0,47352.0,70,0,63,397,1,319,0,16
0,0,44931.0,0,0,47,322,1,96,0,7
0,1,76982.0,19,0,47,294,0,1062,2,16
0,0,57247.0,50,0,62,485,1,232,0,12
0,1,22944.0,67,0,33,348,1,76,0,9
0,0,25315.0,46,0,37,513,1,54,0,9
0,1,43638.0,37,0,45,911,1,201,0,11
0,1,42710.0,38,0,30,738,1,406,0,14
0,0,84169.0,9,0,32,516,0,1919,3,20
0,0,54058.0,56,0,38,609,1,662,0,20
0,0,24683.0,98,0,24,125,1,41,0,8
0,1,85620.0,68,0,50,158,0,1600,1,14
0,0,47850.0,72,0,34,634,1,134,0,8
0,0,19514.0,47,0,46,314,2,69,2,10
0,0,27159.0,33,0,41,252,2,21,0,6
0,1,39548.0,87,0,51,250,2,54,0,7
0,1,21474.0,0,0,25,124,1,91,2,8
0,1,60504.0,73,0,43,157,1,526,0,18
0,0,22419.0,74,0,51,597,0,162,0,8
0,0,81698.0,4,0,65,543,0,1008,1,25
0,0,43462.0,50,0,62,727,2,240,0,16
0,1,54880.0,57,0,36,702,1,795,0,21
0,0,79908.0,30,0,32,581,0,1772,1,19
0,0,15315.0,27,0,44,638,0,64,0,8
0,0,87771.0,61,0,55,563,1,1957,5,20
0,0,33039.0,4,0,36,453,1,78,0,7
0,1,81741.0,75,0,34,538,0,1572,0,19
0,0,71499.0,12,0,43,529,1,795,0,26
0,0,62466.0,13,0,44,325,1,889,0,26
0,1,48799.0,9,0,51,574,1,331,0,15
0,0,52157.0,48,0,64,153,1,265,0,12
0,1,66565.0,80,0,52,938,1,1065,0,19
0,0,29298.0,60,0,63,515,2,11,0,4
0,1,47691.0,43,0,35,578,1,21,0,4
0,0,38200.0,19,0,44,877,2,17,0,4
0,0,44989.0,26,0,40,727,1,369,0,16
0,0,38443.0,58,0,46,313,2,38,0,6
0,1,38593.0,42,0,36,449,1,177,0,11
0,0,64413.0,27,0,44,697,1,279,0,12
0,0,36959.0,56,0,33,664,1,62,0,7
0,0,61996.0,27,0,37,674,1,1230,4,21
0,0,51287.0,10,0,46,336,2,182,0,11
0,0,13260.0,48,0,44,470,2,49,0,10
0,0,47472.0,39,0,48,446,2,75,0,8
0,0,54603.0,85,0,58,455,2,227,0,16
0,0,45207.0,64,0,40,786,2,215,1,15
0,0,40689.0,69,0,63,628,1,444,0,20
0,0,47821.0,54,0,47,412,2,47,0,5
0,0,27450.0,57,0,63,600,0,143,0,7
0,0,39453.0,64,0,31,277,1,55,0,7
0,0,26850.0,10,0,43,232,2,63,0,11
0,1,79800.0,65,0,59,804,0,1867,4,22
0,0,61794.0,74,0,53,448,1,611,0,20
0,0,53863.0,4,0,59,203,1,473,1,18
0,0,24221.0,94,0,55,473,0,55,0,6
0,1,39684.0,41,1,30,726,1,81,1,7
0,0,92163.0,25,0,39,724,0,2086,3,21
0,1,69882.0,94,0,49,421,0,1478,0,20
0,0,33178.0,9,0,37,310,1,49,0,5
0,0,59973.0,47,0,42,392,0,382,0,15
0,0,17459.0,12,0,39,443,1,69,1,9
0,1,23910.0,80,0,45,771,1,67,0,6
0,0,42169.0,20,0,45,413,2,30,0,6
0,0,26224.0,39,0,36,609,1,63,0,9
0,0,31089.0,57,0,33,841,1,79,0,10
0,1,30081.0,27,0,53,653,1,42,0,5
0,0,62807.0,83,0,54,827,1,819,0,23
0,1,72906.0,79,0,59,445,0,1151,0,17
0,0,61467.0,69,0,66,815,2,594,0,20
0,0,49618.0,77,0,48,679,2,129,0,11
0,1,21888.0,15,0,28,707,1,213,1,12
0,1,42429.0,99,0,41,34,1,67,0,7
0,1,26150.0,61,0,58,398,3,28,0,5
1,0,30801.0,23,0,39,771,1,45,0,6
0,0,81168.0,84,0,49,154,0,1193,1,18
0,1,26877.0,74,0,45,474,0,268,0,12
0,1,45006.0,90,0,70,506,0,266,0,12
1,0,18978.0,41,0,41,754,1,37,0,5
0,0,22574.0,28,0,47,404,3,37,0,7
0,1,48240.0,73,0,45,816,0,882,1,25
0,0,45837.0,88,0,40,498,2,373,0,18
0,1,35791.0,94,0,49,549,3,35,0,6
0,0,162397.0,31,0,38,640,2,107,0,1
0,1,54162.0,31,0,36,628,2,42,0,5
0,0,30522.0,6,0,54,841,1,326,0,17
0,0,54456.0,23,0,53,394,1,404,0,17
0,1,31632.0,92,0,43,510,0,95,0,6
0,1,72298.0,52,0,65,64,0,939,2,14
0,1,36975.0,50,0,36,343,1,33,0,5
0,0,72635.0,54,0,59,640,0,981,1,21
0,0,13624.0,93,0,38,685,1,36,0,7
0,1,84196.0,56,0,39,640,1,1237,0,20
0,0,70971.0,28,0,54,806,1,1825,1,34
0,1,34487.0,94,0,37,910,2,103,0,9
0,1,28769.0,76,0,37,718,1,191,0,12
0,0,69084.0,43,0,44,382,1,1586,0,25
0,0,65488.0,46,0,56,176,0,963,0,14
0,0,62466.0,13,0,44,325,1,889,0,26
0,1,32218.0,27,0,54,294,0,93,2,7
0,1,83917.0,12,0,41,597,0,1587,1,21
0,1,46102.0,3,0,52,64,3,16,0,4
0,1,84574.0,72,0,62,609,0,1375,0,32
0,0,56181.0,6,0,52,492,1,393,0,14
0,1,63120.0,53,0,64,799,1,1477,1,26
0,0,73691.0,58,0,43,543,1,1179,1,18
0,0,63381.0,78,0,54,940,1,1005,0,26
0,0,76140.0,57,0,66,207,0,1348,0,21
0,1,62859.0,37,0,55,706,1,1307,0,23
0,1,45906.0,20,0,50,519,1,486,1,15
0,0,77632.0,73,0,67,429,0,2252,3,13
0,0,46463.0,56,0,43,475,2,235,0,17
0,0,105471.0,36,0,44,684,0,1724,3,30
0,1,55282.0,9,0,44,358,1,235,0,11
0,0,78710.0,42,0,37,197,1,1092,0,28
0,0,66886.0,28,0,56,446,1,599,0,17
0,1,98777.0,23,0,54,292,0,2008,1,19
0,0,29103.0,38,0,29,831,1,48,0,6
0,0,67445.0,63,0,40,728,1,1174,0,32
0,0,50616.0,71,0,64,237,1,67,0,7
0,1,49431.0,9,0,59,1003,1,365,0,15
0,1,153924.0,81,0,39,157,0,6,0,0
0,0,61278.0,87,0,61,249,1,165,0,10
0,0,26490.0,92,0,56,805,0,210,0,11
0,0,73059.0,36,0,67,462,1,1095,0,26
0,1,46734.0,86,0,48,411,3,223,1,12
0,0,56253.0,83,0,51,877,1,597,0,22
0,0,19986.0,74,0,29,387,1,22,0,4
0,1,58330.0,87,0,39,346,1,1064,0,24
1,0,25965.0,29,0,34,880,0,74,0,6
0,0,14661.0,88,0,58,704,0,26,0,5
0,0,18690.0,77,0,55,708,0,60,0,5
0,0,45068.0,25,0,40,569,1,20,0,4
1,1,21063.0,34,0,27,437,1,59,0,7
0,0,29187.0,43,0,46,457,1,34,0,5
0,0,54690.0,76,0,43,513,2,198,0,12
0,0,59304.0,81,0,50,495,1,1048,0,28
0,1,59247.0,87,0,52,482,2,574,0,21
0,1,66731.0,33,0,44,727,1,1029,0,17
0,0,77353.0,38,0,34,355,1,670,0,20
0,1,52614.0,63,0,39,1059,1,990,0,16
0,0,26751.0,26,0,40,198,2,11,0,4
0,0,81300.0,17,0,51,767,1,1241,2,21
0,1,70337.0,75,0,35,308,0,576,0,17
0,0,36145.0,13,0,29,538,1,172,2,12
0,1,65295.0,19,0,34,348,0,664,0,20
0,1,68118.0,51,0,51,414,1,928,0,23
0,1,68743.0,81,0,47,828,0,2074,0,30
0,0,41039.0,32,0,32,499,0,467,0,15
0,0,38946.0,84,0,59,408,1,257,0,12
0,0,65777.0,87,0,47,352,0,1146,0,17
0,1,66476.0,99,0,38,521,1,689,0,20
0,1,86857.0,96,0,42,727,0,2114,1,22
0,0,160803.0,21,0,32,972,0,1717,0,44
0,0,77845.0,40,0,25,204,0,1346,2,21
0,0,69476.0,3,0,45,432,0,1044,0,15
0,1,50611.0,98,0,54,970,1,493,2,22
0,1,61209.0,73,0,44,468,0,957,0,13
0,0,42315.0,90,0,56,364,1,270,0,12
1,0,13084.0,29,0,62,663,0,29,0,5
0,1,47570.0,3,0,65,556,2,121,1,9
0,0,61923.0,94,0,53,498,2,126,0,8
0,1,34824.0,65,0,19,255,0,23,0,4
0,1,26518.0,33,0,65,489,2,57,1,8
0,1,45938.0,46,0,53,635,0,636,0,20
0,0,78468.0,29,0,54,93,0,1004,1,28
0,1,78901.0,99,0,41,445,1,734,0,20
0,0,71427.0,26,0,36,3,2,614,0,20
0,1,71022.0,30,0,36,34,1,1453,1,21
0,1,90247.0,27,0,26,221,0,1621,4,15
0,1,41335.0,24,0,46,345,1,187,0,12
0,0,71952.0,93,0,28,431,1,1443,2,22
0,1,35682.0,34,0,44,162,1,57,0,6
0,1,43185.0,88,0,63,428,1,637,0,20
0,0,66375.0,96,0,66,380,1,948,1,14
0,0,35178.0,10,0,43,431,1,59,2,5
0,0,25252.0,26,0,28,364,1,18,0,4
0,1,55250.0,49,0,49,776,1,903,0,26
0,1,33249.0,11,0,39,654,1,112,0,8
0,0,58398.0,44,0,61,571,0,596,0,20
0,0,50272.0,75,0,32,516,1,233,0,13
0,0,76618.0,64,0,39,877,0,1511,0,11
0,1,87305.0,19,0,54,804,0,1152,2,17
0,0,25851.0,45,0,36,399,1,48,0,7
0,1,58710.0,77,0,44,615,1,1185,0,31
0,1,45160.0,9,0,56,252,2,21,0,4
0,0,74806.0,1,0,49,717,1,965,0,16
0,0,59111.0,90,0,60,669,0,869,0,21
0,0,18988.0,43,0,30,197,1,16,0,6
0,0,72190.0,79,0,49,661,0,1947,0,16
0,0,7500.0,19,0,38,1063,1,71,2,12
0,0,44794.0,99,0,48,122,1,65,0,6
0,0,80395.0,62,0,59,378,0,1380,1,24
0,1,75012.0,41,0,38,315,0,1027,0,23
0,0,56962.0,60,0,49,391,3,411,0,21
0,0,89891.0,17,0,23,600,0,836,1,26
0,1,35946.0,24,0,65,435,2,11,0,4
0,0,53593.0,60,0,61,881,2,480,0,23
0,0,66373.0,57,0,36,365,2,606,0,23
0,1,45072.0,74,0,66,416,3,284,0,16
0,1,89694.0,22,0,41,452,2,1472,3,14
0,0,72025.0,46,0,65,221,0,1677,4,26
0,0,67432.0,69,0,41,617,1,1335,0,19
0,0,70545.0,29,0,62,275,1,334,0,13
1,0,17487.0,37,0,25,628,1,18,0,4
0,0,62882.0,26,0,45,819,1,1338,0,20
0,1,64108.0,8,0,61,623,1,1099,0,30
0,0,34941.0,26,0,58,551,2,97,0,8
0,1,48767.0,79,0,64,339,3,63,0,9
0,0,38702.0,71,0,36,697,1,109,0,9
0,0,82224.0,83,0,50,315,0,902,1,21
0,0,83844.0,57,0,62,366,0,1574,1,20
0,0,17003.0,37,0,39,450,1,38,0,9
0,1,71163.0,30,0,19,94,0,960,0,24
0,1,33697.0,34,0,44,447,1,28,1,4
0,0,63564.0,0,0,60,311,0,1215,2,28
0,0,83443.0,89,0,42,340,0,1497,0,22
0,0,51518.0,92,0,56,636,1,449,0,17
0,1,58330.0,87,0,39,346,1,1064,0,24
0,0,80952.0,20,0,45,646,0,1757,4,25
0,0,75507.0,56,0,35,304,0,1440,0,21
0,0,63855.0,28,0,36,460,0,1006,0,24
0,0,62220.0,55,0,42,758,1,1226,1,23
0,0,58512.0,25,0,50,443,1,1171,0,20
0,0,40662.0,0,0,35,631,1,92,0,8
0,0,38829.0,86,0,55,185,1,99,0,8
0,0,35523.0,8,0,33,636,1,66,0,8
0,1,79146.0,33,0,47,226,2,564,0,19
0,0,78285.0,13,0,26,404,0,1427,0,21
0,1,31626.0,12,0,36,427,1,86,2,6
0,1,75127.0,92,0,62,198,0,833,0,19
0,0,48726.0,90,0,59,588,1,242,0,12
0,0,74985.0,8,0,37,757,0,1869,0,17
0,0,67430.0,6,0,27,941,0,1364,0,29
0,0,46891.0,91,0,49,696,1,183,0,8
0,0,62058.0,52,0,58,559,1,450,0,18
0,0,72063.0,3,0,35,639,1,758,0,21
0,0,78939.0,57,0,63,359,0,1507,0,20
0,1,42720.0,9,0,49,591,2,654,1,25
0,0,33622.0,22,0,42,602,2,81,0,9
0,0,6835.0,76,0,57,846,1,137,0,1
0,0,41452.0,86,0,61,551,2,16,0,4
0,1,40760.0,64,0,49,463,1,93,0,8
0,0,74250.0,90,0,56,314,0,1158,0,18
0,1,51124.0,79,0,59,353,2,43,0,6
0,1,72258.0,28,0,43,362,1,1525,0,22
0,1,71466.0,86,0,40,216,0,1230,0,19
0,0,36283.0,42,0,38,236,2,29,0,6
0,1,20587.0,39,0,44,31,1,25,0,5
0,0,30467.0,8,0,42,262,1,24,0,4
0,0,31590.0,40,0,42,536,1,38,0,5
1,0,20425.0,5,0,28,768,1,57,0,7
0,0,17144.0,96,0,54,294,2,47,0,12
0,1,42564.0,28,0,46,673,1,813,2,24
0,0,43783.0,22,0,36,191,1,629,1,22
0,1,40780.0,30,0,38,849,1,377,0,17
0,0,62847.0,45,0,69,690,0,1612,0,14
0,0,82017.0,58,0,57,878,0,729,4,17
0,1,16813.0,49,0,64,505,0,50,1,6
0,0,51267.0,37,0,36,403,2,270,0,15
0,1,46524.0,70,0,53,581,1,177,0,9
0,1,45183.0,33,0,52,685,0,315,1,13
0,0,70421.0,98,0,60,161,1,767,0,23
0,1,60161.0,17,0,49,774,1,1071,0,26
0,0,73926.0,54,0,41,671,0,1580,0,24
0,0,19329.0,39,0,46,357,1,60,0,10
0,0,61872.0,81,0,44,358,1,573,0,21
0,1,46984.0,71,0,58,620,2,41,0,5
0,0,34838.0,62,0,63,686,2,170,0,10
0,1,82716.0,8,0,70,574,0,1167,0,28
0,0,48192.0,76,0,56,550,0,1526,4,25
0,0,49681.0,66,0,38,604,2,458,0,21
0,0,56850.0,83,0,43,258,1,63,0,6
0,0,55267.0,28,0,57,411,1,405,0,17
0,0,59666.0,87,0,42,624,2,1027,1,20
0,1,72504.0,43,0,42,550,1,1478,0,22
0,0,26872.0,0,0,33,416,0,72,0,5
0,1,21359.0,1,0,42,595,1,48,1,7
0,1,73170.0,1,0,39,189,0,726,0,16
0,0,52750.0,72,0,59,613,1,860,0,27
0,0,91820.0,72,0,28,378,0,1497,0,22
0,0,65968.0,12,0,44,1,1,495,0,18
0,0,30772.0,89,0,38,3,2,20,0,4
0,1,22507.0,67,0,60,742,0,570,0,19
0,0,65685.0,54,0,42,252,1,769,0,21
0,0,25804.0,34,0,36,696,1,55,0,7
0,1,76412.0,15,0,34,580,0,1808,3,18
0,0,22063.0,43,0,42,485,1,55,0,7
0,1,57091.0,0,0,53,174,0,577,2,18
0,0,22419.0,74,0,51,597,0,162,0,8
0,0,87771.0,61,0,55,563,1,1957,5,20
0,1,78353.0,51,0,55,599,1,1576,0,24
0,0,93404.0,97,0,60,519,3,1616,2,17
0,1,37859.0,75,0,52,370,3,36,0,6
0,1,80995.0,83,0,56,396,1,1482,0,22
0,0,16529.0,23,0,30,337,1,22,0,5
0,1,55412.0,65,0,38,379,2,63,0,6
0,1,48789.0,94,0,22,788,0,680,0,18
0,0,56575.0,42,0,47,580,2,542,0,20
0,0,25130.0,10,0,34,664,1,50,0,7
0,0,35441.0,94,0,47,660,2,39,0,6
0,0,71391.0,50,0,58,617,1,1043,0,28
0,1,49494.0,46,0,42,590,1,385,0,14
0,1,81702.0,98,0,34,804,0,1633,0,27
0,1,45889.0,42,0,34,667,1,46,0,5
0,1,56628.0,30,0,37,260,1,761,1,20
0,0,34026.0,11,0,64,577,2,76,0,9
0,0,40049.0,61,0,40,737,1,290,0,14
0,1,34176.0,12,0,26,1,1,89,0,11
0,0,19419.0,76,0,33,786,1,70,0,11
0,0,82504.0,2,0,54,497,0,1066,0,17
0,0,81205.0,43,0,44,327,0,2009,4,19
0,1,61618.0,27,0,23,798,0,1345,0,19
0,1,55284.0,60,0,58,712,1,764,0,23
0,1,49980.0,79,0,51,409,1,195,0,11
0,0,15072.0,96,0,34,427,2,53,0,11
0,1,49166.0,17,0,40,541,1,368,0,13
0,0,65324.0,0,0,60,35,1,544,0,20
0,0,82347.0,38,0,57,908,0,1853,2,25
0,0,30843.0,43,0,48,194,2,35,1,6
0,0,46374.0,1,0,40,264,1,446,3,18
0,1,60474.0,25,0,35,701,1,1180,0,31
0,0,38576.0,2,0,41,247,1,41,0,5
0,0,55357.0,66,0,29,655,2,727,0,22
0,0,37758.0,49,0,48,970,2,40,0,6
0,0,85710.0,5,0,25,580,0,1062,1,26
0,0,23228.0,71,0,45,314,1,40,0,7
0,0,44602.0,35,0,45,294,2,292,0,17
0,0,7500.0,94,0,27,461,0,15,0,4
0,0,38683.0,80,0,25,970,1,341,0,17
0,1,49514.0,61,0,39,354,1,369,0,13
0,0,57906.0,29,0,41,395,1,401,0,17
0,1,43456.0,0,0,48,620,1,393,0,17
0,1,19485.0,80,0,28,438,2,10,0,4
0,0,53172.0,54,0,36,549,1,486,0,16
0,0,30545.0,71,0,35,780,1,69,0,7
0,0,70123.0,27,0,31,434,0,1727,2,17
0,1,62450.0,61,0,55,188,1,995,1,16
0,0,21675.0,55,0,38,30,1,45,0,10
0,1,42395.0,35,0,33,246,2,182,0,12
0,0,61346.0,34,0,36,544,1,989,0,23
0,0,80812.0,95,0,61,445,0,1677,3,18
0,1,42835.0,64,0,43,524,2,595,0,23
0,0,39922.0,30,0,31,660,1,156,0,9
0,1,86424.0,12,0,58,216,0,1226,0,28
0,0,17117.0,96,0,36,688,1,128,0,11
0,1,24762.0,16,0,42,65,1,86,2,9
0,0,35797.0,16,0,39,781,1,68,0,7
0,1,36627.0,78,0,39,501,2,16,0,4
0,0,51111.0,83,0,33,170,2,55,0,7
0,1,86857.0,96,0,42,727,0,2114,1,22
0,0,82072.0,67,0,44,667,0,2018,0,19
0,1,46231.0,87,0,61,740,3,263,0,15
0,0,42243.0,34,0,55,389,2,55,0,7
0,0,51195.0,46,0,52,701,2,564,0,24
0,1,68092.0,7,0,36,355,0,1281,0,20
0,0,31814.0,73,0,41,460,1,83,1,7
0,1,51390.0,54,0,49,849,2,353,0,18
0,0,76630.0,93,0,31,326,0,1003,0,25
1,1,26868.0,52,0,23,220,1,14,0,4
0,1,48948.0,53,0,71,703,0,902,2,24
0,1,55260.0,81,0,42,724,1,1139,0,25
0,0,64090.0,8,0,58,516,1,797,1,20
0,1,78331.0,97,0,56,317,1,1638,0,25
0,0,37087.0,50,0,40,393,1,401,0,17
0,1,21846.0,38,0,28,410,1,84,0,11
0,0,81320.0,61,0,56,552,0,928,0,18
0,1,54137.0,46,0,44,477,1,203,0,11
0,0,66825.0,73,0,47,510,0,858,0,16
0,0,57100.0,19,0,41,603,0,409,0,13
0,0,58917.0,10,0,45,622,3,282,0,16
0,1,85072.0,94,0,37,93,0,1423,0,18
0,1,86429.0,10,0,53,380,0,1449,2,18
0,1,45684.0,37,0,43,662,1,28,0,4
0,0,47889.0,94,0,40,249,1,67,0,6
0,0,45921.0,23,0,28,64,0,199,0,10
0,1,78420.0,75,0,48,525,0,1453,0,22
0,0,75114.0,40,0,22,513,0,1253,0,19
0,1,52278.0,24,0,51,680,1,1198,1,31
0,0,35641.0,11,0,42,510,1,178,1,10
0,1,95529.0,29,0,20,999,0,1990,2,18
0,0,62820.0,51,0,60,396,0,976,0,14
0,0,73113.0,86,0,54,345,0,1001,0,15
0,0,84169.0,9,0,32,516,0,1919,3,20
0,1,42607.0,30,0,60,384,1,350,0,14
0,1,74637.0,73,0,60,567,0,1650,1,25
0,0,46015.0,25,0,59,237,2,46,2,5
0,1,72354.0,67,0,21,598,0,1228,0,19
0,1,39858.0,67,0,45,681,1,95,1,7
0,0,34469.0,58,0,66,245,2,62,0,9
0,0,83033.0,82,0,28,202,1,1761,1,26
0,0,24401.0,98,0,35,827,0,467,0,16
0,0,77583.0,93,0,36,65,0,1149,1,19
0,1,74116.0,53,0,32,341,0,2052,1,19
0,1,74293.0,66,0,21,245,0,1127,0,16
0,0,68397.0,6,0,38,384,1,1416,0,21
0,0,79632.0,42,0,40,124,0,1113,0,20
0,1,46107.0,78,0,25,65,1,125,0,7
0,1,64950.0,29,0,63,728,1,966,1,25
1,0,25443.0,82,0,25,714,1,32,0,5
0,1,75127.0,92,0,62,198,0,833,0,19
0,0,32892.0,78,0,43,195,1,46,0,8
0,0,71796.0,54,0,43,408,0,960,0,17
0,0,67536.0,45,0,44,563,1,1829,1,30
0,1,55239.0,59,0,43,510,1,779,0,26
0,1,60554.0,8,0,39,454,1,811,0,23
0,1,64831.0,51,0,62,426,2,1120,0,22
0,0,56067.0,51,0,52,504,1,725,0,20
0,1,82025.0,76,0,31,557,0,1187,2,12
0,0,94384.0,62,0,61,612,0,2302,4,18
1,1,14906.0,86,0,28,714,0,66,0,9
0,0,51563.0,60,0,27,1061,0,1250,2,19
0,0,57937.0,56,0,32,293,1,683,0,20
0,1,68274.0,83,0,35,432,2,305,0,13
0,0,39771.0,92,0,37,542,1,50,0,6
0,1,67893.0,31,0,39,1061,1,995,0,16
0,0,27922.0,80,0,35,62,1,41,0,6
0,0,52190.0,39,0,38,123,2,77,1,9
0,1,44051.0,20,0,41,676,2,171,1,12
0,1,42767.0,53,0,43,396,2,131,0,7
0,0,46106.0,84,0,38,31,2,54,0,5
0,0,16927.0,50,0,38,430,2,53,0,12
0,0,59754.0,96,0,49,1059,1,475,1,16
0,1,53700.0,94,0,62,841,1,694,0,22
0,0,59041.0,25,0,41,154,2,96,0,8
0,1,54237.0,48,0,57,588,1,361,0,16
0,1,70647.0,65,0,47,806,1,1079,0,26
0,1,52597.0,69,0,52,154,1,578,0,20
0,0,41021.0,12,0,45,706,1,64,1,7
0,0,40233.0,84,0,39,418,1,149,0,13
0,0,50183.0,47,0,34,164,2,231,0,17
0,0,54753.0,87,0,55,362,1,728,0,21
0,0,92955.0,35,0,41,474,0,1778,3,23
0,0,33471.0,47,0,41,726,1,93,0,10
0,0,34596.0,48,0,40,602,1,23,1,4
0,0,44010.0,46,0,34,784,1,662,0,24
0,0,84219.0,27,0,26,307,0,1198,0,18
0,0,40706.0,37,0,46,688,3,81,0,11
0,0,15716.0,8,1,26,725,1,92,0,10
0,1,59052.0,29,0,55,384,1,491,0,18
0,0,80573.0,85,0,43,783,0,1564,0,24
0,0,83715.0,2,0,52,279,0,926,0,24
0,0,82576.0,66,0,55,1063,0,1910,1,19
0,0,56962.0,60,0,49,391,3,411,0,21
0,0,35704.0,54,0,62,280,2,94,0,9
0,0,53103.0,70,0,60,362,1,1085,1,28
0,1,46779.0,55,0,54,364,2,23,0,4
0,1,4861.0,20,0,49,167,0,6,0,0
0,1,33462.0,78,0,35,516,1,54,0,6
0,1,63693.0,63,0,36,418,1,1150,0,29
0,0,80763.0,17,0,64,478,0,1415,3,23
0,0,65352.0,43,0,40,472,1,405,0,16
0,0,82170.0,13,0,36,376,0,1908,0,19
0,0,75759.0,46,0,45,407,0,2486,4,26
0,1,79689.0,65,0,38,366,0,1315,0,27
0,1,35340.0,1,0,58,160,2,45,0,7
0,1,85683.0,6,0,60,260,0,1789,5,17
0,0,24884.0,32,0,42,737,1,19,0,4
0,0,42021.0,34,0,33,827,1,573,1,22
0,1,64449.0,70,0,25,291,1,805,0,24
0,1,64587.0,49,0,60,167,2,108,0,8
0,1,34824.0,65,0,19,255,0,23,0,4
0,0,75437.0,25,0,36,451,0,1493,1,23
0,0,26091.0,84,0,57,284,2,89,0,9
0,0,52845.0,7,0,41,480,1,936,1,25
0,1,46086.0,34,0,58,635,1,343,0,16
0,1,78028.0,38,0,58,788,1,528,3,20
0,1,95169.0,1,0,27,452,0,1901,3,12
0,0,56337.0,25,0,33,619,2,724,3,22
0,0,22434.0,25,0,27,661,1,58,0,7
0,0,36930.0,50,0,60,568,1,297,0,16
0,1,36130.0,46,0,60,672,1,488,2,21
0,0,65569.0,96,0,61,939,1,859,0,23
0,0,83844.0,57,0,62,366,0,1574,1,20
0,0,19514.0,47,0,46,314,2,69,1,10
0,1,36736.0,52,0,51,427,2,17,0,4
0,0,77568.0,30,0,35,833,1,2194,3,21
0,0,49187.0,63,0,38,35,1,116,0,8
0,1,30168.0,51,0,36,521,1,279,0,18
0,0,34053.0,14,0,46,788,1,103,0,7
0,0,38196.0,20,0,43,232,2,44,0,9
0,0,59412.0,56,0,63,231,0,406,0,15
0,0,70924.0,41,0,49,155,0,1363,1,20
0,0,54165.0,72,0,45,557,0,236,0,11
0,0,32300.0,1,0,41,645,1,39,0,5
0,1,20180.0,27,0,38,654,0,137,0,8
0,0,34961.0,77,0,41,170,1,79,0,10
0,0,28440.0,87,0,40,517,1,63,0,6
0,0,64504.0,81,0,61,612,3,1314,1,25
0,0,33564.0,51,0,48,165,1,71,0,6
0,0,17345.0,79,0,36,1000,1,58,0,7
0,0,56320.0,11,0,47,489,1,702,0,21
0,1,28647.0,54,0,36,472,1,94,2,7
1,1,15038.0,93,0,27,676,1,80,0,7
0,1,32173.0,0,0,56,697,1,22,0,5
0,0,68316.0,54,0,50,969,1,1211,0,32
0,0,74538.0,21,0,43,525,0,1461,2,22
0,1,91700.0,58,0,43,688,0,1968,1,20
0,0,68695.0,3,0,45,164,0,1091,0,16
0,0,31056.0,99,0,37,683,1,55,0,5
0,0,79593.0,70,0,41,1,0,1366,1,19
0,1,28071.0,65,0,34,829,0,313,0,13
0,0,37334.0,44,0,56,283,2,62,0,11
0,1,46423.0,6,0,42,444,2,92,0,9
0,0,37126.0,9,0,43,251,1,72,2,6
0,0,47703.0,95,0,61,556,1,655,0,21
0,0,61180.0,70,0,55,227,1,704,1,18
0,0,38998.0,92,1,60,1000,2,54,0,8
0,1,8028.0,62,0,23,809,0,178,0,16
0,0,76081.0,85,0,52,197,0,1033,1,14
0,0,34728.0,2,0,28,494,1,36,1,5
0,1,33168.0,0,0,49,784,1,122,0,10
0,0,33585.0,91,0,48,437,1,122,0,7
0,0,77037.0,3,0,54,419,1,1123,0,27
0,0,35196.0,68,0,30,753,1,497,1,18
0,0,44529.0,98,0,48,578,1,691,1,25
0,0,70924.0,41,0,49,155,0,1363,1,20
0,0,28764.0,16,0,48,214,2,12,1,4
0,0,69098.0,82,0,65,658,0,2440,0,25
0,1,25959.0,1,0,44,660,2,56,1,7
0,0,27100.0,64,0,31,581,1,37,0,5
0,1,70596.0,68,0,29,940,0,968,0,21
0,0,42557.0,98,0,40,829,1,270,0,15
0,0,53312.0,32,0,63,454,0,278,0,12
0,1,72228.0,87,0,62,739,0,1250,0,22
0,0,67605.0,84,0,27,615,0,938,0,17
0,0,62845.0,3,0,65,1061,2,1178,1,28
0,0,65196.0,34,0,56,499,2,1155,1,26
0,1,42000.0,23,0,27,431,0,653,1,20
0,1,35860.0,37,0,41,201,2,49,1,6
0,0,65526.0,22,0,50,32,1,506,0,17
0,0,16860.0,19,0,53,727,2,38,0,8
0,1,83528.0,7,0,22,335,0,1650,3,23
0,1,64176.0,52,0,49,1003,1,1826,0,33
0,1,22304.0,91,0,58,972,0,18,0,4
0,0,67023.0,93,1,36,247,0,906,0,24
0,0,32892.0,78,0,43,195,1,46,0,8
0,0,70713.0,23,0,48,999,1,1477,0,25
0,0,59925.0,83,0,59,736,1,766,0,23
0,0,39722.0,92,0,61,285,1,47,0,7
0,0,46610.0,4,0,56,506,0,467,0,14
0,0,88347.0,32,0,53,639,0,2116,1,21
0,0,87171.0,27,0,33,700,0,1298,2,25
0,0,26907.0,10,0,38,473,2,22,0,6
0,1,50014.0,9,0,46,318,1,396,0,15
0,0,41014.0,65,0,36,593,1,20,0,4
0,1,66294.0,68,0,49,264,0,967,0,13
0,0,36715.0,16,0,43,749,1,357,1,19
0,0,79456.0,12,0,58,836,0,1401,1,16
0,0,40479.0,95,0,32,476,1,15,0,4
0,1,75345.0,16,0,44,672,0,2087,2,20
0,0,54233.0,46,0,37,613,1,981,0,26
0,1,24163.0,3,0,44,361,2,17,0,6
0,0,84460.0,80,0,56,614,0,523,5,22
0,0,43776.0,77,0,31,276,1,23,0,4
0,1,71691.0,0,0,56,264,0,1192,1,17
0,0,85844.0,62,0,41,191,0,1958,1,20
0,1,39190.0,91,0,40,224,1,133,0,9
0,0,71367.0,24,0,55,470,0,777,0,17
0,1,38578.0,2,0,42,532,2,73,0,9
0,0,57236.0,22,0,49,3,2,121,0,10
0,1,61825.0,56,0,35,516,1,424,0,15
0,1,79803.0,54,0,56,303,1,868,0,13
0,1,80910.0,71,0,28,766,0,756,0,15
0,0,27590.0,38,0,32,592,1,12,0,4
0,0,56775.0,62,0,35,673,1,937,0,25
0,1,83829.0,78,0,39,483,0,1862,4,17
0,0,54210.0,18,0,35,565,1,367,0,14
0,0,38508.0,95,0,28,666,1,443,0,20
0,0,53187.0,66,0,44,406,1,267,0,13
0,0,30023.0,28,0,42,257,1,61,0,6
0,1,76045.0,78,0,54,386,0,1323,1,21
0,0,50870.0,13,0,62,170,1,63,0,6
0,0,15315.0,27,0,44,638,0,64,0,8
0,0,65463.0,17,0,40,310,1,562,1,19
0,0,66480.0,71,0,49,189,2,312,0,19
0,1,76773.0,79,0,60,649,0,1156,0,16
0,1,81698.0,1,0,31,702,0,1104,2,16
0,1,54466.0,78,0,41,95,2,16,0,4
0,1,98777.0,23,0,54,292,0,2008,1,19
0,1,16269.0,75,0,30,463,1,44,0,9
0,0,71819.0,70,0,43,465,1,1574,2,14
0,0,33569.0,10,0,31,416,1,63,2,5
0,0,36262.0,24,0,31,442,0,426,2,12
1,0,22634.0,47,0,48,689,0,96,0,6
0,0,47025.0,98,0,36,362,1,635,0,23
0,1,70566.0,4,0,46,544,1,757,0,22
0,0,31605.0,15,0,35,744,1,125,0,9
0,1,52034.0,67,0,41,568,2,332,0,16
0,1,48526.0,32,0,35,347,1,135,0,8
0,0,46734.0,40,0,60,748,1,330,0,14
0,1,39552.0,54,0,52,718,2,384,1,20
0,1,86358.0,78,0,48,850,2,1722,0,18
0,0,46931.0,94,0,37,226,3,78,0,7
1,1,16581.0,51,0,29,370,0,24,0,4
0,1,63998.0,42,0,62,351,0,1168,1,25
0,0,67381.0,67,0,63,690,1,957,1,17
0,1,25930.0,87,0,47,422,2,15,0,4
0,0,42693.0,29,0,36,153,1,57,0,5
0,0,85606.0,89,0,38,725,1,1956,1,24
0,1,72903.0,74,0,29,403,0,2013,4,21
0,0,49669.0,97,0,40,196,1,326,0,14
0,0,36778.0,63,0,46,942,2,77,0,9
0,1,85696.0,88,0,52,641,0,1313,1,20
0,1,10979.0,34,0,25,198,0,30,0,8
0,0,49678.0,81,0,53,672,1,315,0,14
0,0,56129.0,65,0,61,534,1,660,0,22
0,0,37155.0,51,0,25,674,1,74,0,7
0,1,21282.0,76,0,36,31,1,46,0,7
0,1,33419.0,76,0,52,476,1,86,0,8
0,1,63285.0,84,0,69,574,0,1103,0,25
0,0,21255.0,56,0,40,319,1,61,0,11
0,0,42162.0,31,0,33,382,1,145,2,9
0,0,54450.0,0,0,58,813,2,684,0,31
0,0,57744.0,91,0,60,360,1,411,0,16
0,1,26576.0,40,0,28,784,1,27,2,4
0,1,57513.0,59,0,71,547,0,1060,0,27
0,0,68142.0,96,0,50,829,1,1459,0,24
0,0,7500.0,61,0,35,829,1,18,0,4
0,0,83145.0,14,0,40,805,0,1833,2,26
0,0,54197.0,16,0,54,277,1,237,0,12
0,1,23091.0,98,0,51,192,2,48,0,10
0,0,46049.0,11,0,38,503,2,515,1,26
0,0,56715.0,52,0,40,938,0,1020,0,15
0,0,79410.0,19,0,53,191,0,1370,0,11
0,0,57304.0,61,0,63,398,1,1026,0,25
0,0,44375.0,73,0,49,258,1,301,0,12
0,0,54450.0,0,0,58,813,2,684,0,31
0,0,59594.0,74,0,49,777,1,499,1,17
0,0,80685.0,55,0,20,836,0,1004,0,21
0,0,40344.0,48,0,40,419,1,218,0,12
0,0,62710.0,53,0,42,562,1,606,0,22
0,0,48985.0,13,0,46,578,1,75,0,6
0,0,35322.0,34,0,46,836,3,106,0,9
0,0,77142.0,54,0,66,556,0,990,0,17
0,1,81657.0,69,0,45,318,0,1097,0,16
1,0,14421.0,81,0,18,292,0,16,1,4
0,0,20130.0,99,0,40,264,0,34,0,5
0,0,74214.0,3,0,24,832,0,1711,0,16
0,0,66726.0,61,0,57,5,2,438,1,17
1,0,23724.0,65,0,35,492,1,75,0,7
0,0,47353.0,93,0,54,388,1,225,0,13
0,0,33444.0,24,0,62,1000,2,18,0,4
0,0,54386.0,8,0,33,568,1,470,0,17
0,1,28510.0,72,0,33,602,2,91,0,9
0,1,90638.0,29,0,23,296,0,2525,1,18
0,0,48070.0,33,1,64,692,1,504,0,19
0,0,43140.0,68,0,57,584,1,235,0,11
0,1,54959.0,55,0,53,686,1,1232,2,21
1,1,15056.0,76,0,56,641,2,88,0,12
0,1,26954.0,17,0,43,123,1,17,0,4
0,1,22327.0,94,0,29,666,1,24,0,5
0,0,44393.0,86,0,49,471,2,60,0,7
0,1,62000.0,25,0,62,468,1,1020,1,26
0,0,31497.0,22,0,52,907,1,155,0,10
0,0,45894.0,15,0,40,282,2,51,0,5
0,1,78579.0,35,0,44,714,0,1812,1,16
0,1,67369.0,81,0,45,749,1,1461,3,25
0,1,58401.0,55,0,54,230,1,96,0,6
0,1,62307.0,94,0,62,292,1,160,0,9
0,0,43641.0,50,0,45,593,2,139,0,10
0,1,63841.0,64,0,46,594,1,908,0,22
0,0,46891.0,91,0,49,696,1,183,0,8
0,0,70091.0,11,0,45,615,1,1161,1,19
0,0,78075.0,72,0,42,216,0,988,0,14
0,1,59184.0,6,0,53,818,1,1072,0,27
0,0,54809.0,0,0,37,392,2,174,0,12
0,0,58113.0,66,1,55,680,1,758,0,22
0,0,51412.0,42,0,56,340,1,195,0,11
0,1,15287.0,60,0,35,787,1,31,2,6
0,0,66636.0,64,0,57,476,0,1084,0,17
0,0,50965.0,87,0,58,654,1,685,1,22
0,0,84618.0,96,0,49,379,0,1672,1,26
0,0,18351.0,1,0,24,403,0,43,0,6
0,0,40451.0,54,0,57,293,2,49,1,5
0,0,36317.0,53,0,49,563,1,133,0,9
0,0,42213.0,96,0,57,361,1,363,1,15
0,0,65748.0,58,1,59,600,1,545,0,18
0,0,77044.0,12,0,42,405,1,1065,1,31
0,0,74918.0,78,0,45,368,0,2047,1,21
0,0,56721.0,64,0,42,766,2,296,0,15
0,1,42160.0,26,0,39,526,2,140,1,11
0,1,61559.0,8,0,49,507,1,530,0,17
0,0,33629.0,49,0,51,850,2,152,0,13
0,0,68682.0,56,0,23,544,0,1598,0,24
0,1,34377.0,55,0,51,686,1,114,0,8
1,1,8940.0,25,0,28,836,1,101,0,10
0,0,26228.0,50,0,41,440,1,25,0,4
0,1,77297.0,84,0,57,679,0,789,1,22
0,0,40211.0,30,0,33,494,2,87,1,7
0,1,33438.0,81,0,56,440,2,90,0,11
0,0,75032.0,74,0,55,587,1,1215,0,20
0,1,61284.0,76,0,59,361,0,811,1,22
0,0,22518.0,36,0,28,775,1,61,2,7
0,0,54730.0,64,0,39,478,1,405,0,18
0,0,38452.0,62,0,59,251,2,72,0,9
0,1,44421.0,53,0,43,659,2,189,0,14
0,0,38197.0,86,0,28,525,1,40,0,5
0,1,41986.0,15,0,36,95,1,63,0,10
0,0,28427.0,67,0,31,625,1,52,0,7
0,0,37395.0,47,0,38,304,1,39,0,5
0,0,64722.0,47,0,43,194,1,805,0,25
0,0,55249.0,81,0,58,233,1,130,0,8
0,0,84906.0,98,0,42,605,0,1631,3,24
0,0,28691.0,56,0,25,608,1,34,0,5
0,1,44213.0,48,0,62,372,2,152,0,12
1,1,25707.0,18,0,30,322,1,21,0,5
0,0,59062.0,74,0,47,636,3,71,0,7
0,1,76624.0,68,0,52,196,1,899,1,23
0,0,66000.0,36,0,67,230,0,711,0,10
0,0,27683.0,90,0,36,972,1,351,0,16
0,1,1730.0,65,0,43,202,0,8,0,15
1,1,7500.0,63,0,22,999,1,119,0,11
0,0,40521.0,82,0,46,581,2,21,0,4
0,0,20427.0,63,0,41,257,1,10,0,4
0,0,65106.0,55,0,39,196,1,973,1,27
0,0,69969.0,64,0,49,466,0,1536,3,13
0,0,67433.0,51,0,62,508,2,992,1,28
0,0,77766.0,97,0,47,652,1,1529,2,34
0,0,74716.0,92,0,42,362,1,860,0,17
0,1,68118.0,51,0,51,414,1,928,0,23
0,0,55158.0,72,0,44,859,2,418,1,18
0,0,62972.0,39,0,59,1003,1,587,1,16
0,0,74190.0,49,0,39,1,1,641,0,19
0,0,39356.0,21,0,38,262,2,23,1,4
0,0,76653.0,91,0,45,477,0,2279,2,23
0,1,35860.0,37,0,41,201,2,49,1,6
0,1,90687.0,98,0,31,563,0,1779,2,17
0,0,73450.0,85,0,32,573,0,1804,2,27
0,0,31454.0,40,0,54,547,2,48,0,8
0,1,47139.0,2,0,62,186,2,83,1,7
0,1,83829.0,78,0,39,483,0,1862,4,17
0,0,53378.0,41,0,51,803,2,793,1,29
0,0,19656.0,94,0,44,491,1,84,0,9
0,0,45579.0,10,0,66,473,1,183,0,10
0,1,85485.0,73,0,56,168,0,1383,0,19
0,0,55956.0,22,0,70,155,0,999,1,16
0,1,64191.0,30,0,51,683,1,825,0,24
0,1,38808.0,21,0,42,832,1,246,2,14
0,0,57183.0,51,0,48,627,2,610,0,25
0,1,23748.0,97,0,46,745,1,76,0,9
0,0,66303.0,56,0,43,648,1,1286,1,22
0,0,37368.0,4,0,39,355,1,30,1,4
0,0,40800.0,77,1,50,704,3,99,0,8
0,1,71847.0,95,0,36,806,0,1192,1,22
0,0,46149.0,36,0,39,372,1,362,0,18
0,0,78687.0,13,0,31,819,0,2130,2,19
0,1,49118.0,90,0,43,840,0,1229,3,28
0,0,37633.0,49,0,57,807,2,38,0,6
0,0,39767.0,18,0,63,503,0,485,0,17
1,0,26997.0,89,0,63,939,0,434,0,13
0,1,33986.0,43,0,44,632,1,44,0,5
0,0,57091.0,82,0,42,743,1,496,2,18
0,0,46831.0,84,0,45,487,2,78,0,7
0,0,83151.0,80,0,42,430,0,2346,4,23
0,0,52531.0,68,0,43,706,0,794,0,21
0,0,15759.0,12,0,58,576,0,17,0,4
0,1,22804.0,75,0,43,493,1,26,0,5
0,0,43050.0,10,0,41,263,1,76,0,8
0,1,42997.0,91,0,37,512,2,15,0,4
0,1,48918.0,21,0,51,2,2,62,0,7
0,0,60033.0,28,0,60,252,1,198,0,10
0,0,34043.0,97,0,36,407,1,49,0,5
0,0,57811.0,49,0,48,530,1,802,1,25
0,0,78569.0,14,0,68,290,0,1736,2,15
0,1,7500.0,5,0,36,709,2,57,0,10
0,0,157733.0,37,0,43,609,1,59,0,2
0,0,94384.0,62,0,61,612,0,2302,4,18
0,0,23148.0,83,0,29,291,0,37,0,6
0,1,44267.0,48,0,44,649,2,310,0,16
0,0,71626.0,94,0,35,1060,0,1305,1,19
0,0,60894.0,61,0,48,526,1,832,0,26
0,0,50200.0,70,0,38,642,2,401,0,19
0,0,81051.0,43,0,49,197,0,1501,2,23
0,0,65169.0,23,0,32,326,0,1189,5,28
0,0,59868.0,37,0,42,502,1,1194,0,32
0,0,65695.0,50,0,54,309,1,656,0,21
0,1,64857.0,78,0,58,743,0,1540,0,23
0,0,45143.0,74,0,49,467,1,311,0,15
0,0,74805.0,14,0,59,543,1,820,0,26
0,0,59060.0,77,0,25,35,1,274,0,14
0,1,27238.0,39,0,52,595,2,57,0,9
0,0,47009.0,89,0,49,695,1,448,0,17
0,0,46094.0,62,0,41,61,2,44,0,5
0,0,40321.0,59,0,42,495,2,102,0,8
0,0,37235.0,68,0,30,338,1,61,0,5
0,0,81843.0,13,0,54,593,0,1643,0,27
0,0,46692.0,37,0,56,548,1,397,0,15
0,0,77382.0,36,0,46,158,1,1121,1,26
0,1,37774.0,28,1,37,1002,2,473,2,16
1,0,18393.0,2,0,40,252,1,50,0,8
0,0,72828.0,17,0,52,660,1,1678,0,28
0,0,24711.0,86,0,32,232,0,58,0,7
0,0,45503.0,54,0,39,437,1,170,0,9
0,1,6560.0,2,0,32,359,0,373,0,2
0,0,71604.0,3,0,69,384,0,1196,2,17
0,0,27244.0,84,0,35,156,1,101,0,8
0,0,48752.0,8,0,45,724,2,316,1,17
0,0,71434.0,4,0,52,444,1,1400,2,21
0,1,90842.0,57,0,66,495,0,1424,0,27
0,0,88097.0,24,0,36,840,1,844,4,20
0,0,51948.0,51,0,39,445,1,311,0,13
0,0,71853.0,29,0,32,488,0,1149,0,17
0,0,35876.0,13,0,31,230,0,129,0,8
0,1,40049.0,23,0,62,416,1,32,0,5
0,1,39660.0,36,0,32,850,1,299,1,14
0,0,50127.0,88,0,52,191,1,320,1,13
0,0,43263.0,2,0,37,745,1,441,0,16
0,0,62845.0,3,0,65,1061,2,1178,2,28
0,0,18929.0,15,0,24,658,0,85,0,6
1,1,24367.0,58,0,32,626,1,24,0,4
0,1,33249.0,11,0,39,654,1,112,0,8
0,0,26887.0,27,0,55,430,1,30,0,5
0,0,50150.0,32,0,31,534,0,410,0,16
0,0,62061.0,12,0,38,462,1,800,1,24
0,1,85696.0,88,0,52,641,0,1313,1,20
0,0,76542.0,91,0,58,616,0,1483,0,23
0,1,70515.0,12,0,21,411,0,1258,1,17
0,0,18227.0,21,0,27,847,1,28,0,4
0,0,69139.0,23,0,49,313,1,227,0,11
0,0,69109.0,10,0,32,816,0,1555,2,20
0,1,69627.0,35,0,52,629,1,861,0,23
0,0,38136.0,69,0,36,593,1,103,1,8
0,1,62159.0,68,0,68,222,0,634,0,19
0,1,80695.0,85,0,51,342,0,1918,0,19
0,1,33316.0,34,0,43,605,2,131,0,10
0,0,58554.0,55,0,46,801,2,586,0,22
1,0,17256.0,10,0,22,378,1,62,1,7
0,1,53034.0,30,0,40,555,2,447,0,22
0,0,52203.0,36,0,64,858,0,939,0,27
0,1,59601.0,14,0,37,499,1,797,1,15
0,1,75154.0,79,0,56,971,1,1143,1,16
0,1,47025.0,52,0,38,513,1,415,0,17
0,0,37971.0,97,0,41,376,1,30,0,5
0,1,41335.0,24,0,46,345,1,187,0,12
0,0,67267.0,0,0,56,207,1,251,0,11
0,1,57338.0,96,0,39,221,1,237,0,12
0,0,50523.0,89,0,54,346,2,91,0,8
0,1,35791.0,94,0,49,549,3,35,0,6
0,1,50611.0,98,0,54,970,1,493,1,22
0,0,56242.0,72,0,45,643,1,971,0,28
0,1,48904.0,1,0,54,1028,1,371,0,17
0,1,56243.0,26,0,39,341,3,396,0,20
0,0,21355.0,5,0,29,473,1,68,2,7
0,0,57420.0,22,0,43,529,1,322,1,15
0,1,46390.0,56,0,59,215,1,222,0,10
0,0,54342.0,74,0,58,639,2,177,0,12
0,0,20895.0,24,0,41,909,1,45,0,6
0,0,92344.0,9,0,66,325,0,1899,2,20
0,0,26907.0,10,0,38,473,2,22,0,6
0,0,44964.0,35,0,34,720,2,41,0,5
0,0,75507.0,56,0,35,304,0,1440,0,21
0,0,53761.0,7,0,42,391,2,325,0,17
0,0,22682.0,51,0,41,636,1,95,0,10
0,0,38887.0,17,0,42,306,1,42,0,5
0,1,41658.0,30,0,39,816,2,72,0,6
0,0,29791.0,21,0,42,205,1,20,0,7
0,0,63915.0,2,0,58,494,2,789,0,23
0,1,39996.0,85,0,40,198,2,15,0,4
0,1,26759.0,65,0,42,157,1,59,0,8
0,1,63841.0,64,0,46,594,1,908,0,22
0,0,51039.0,11,0,45,785,2,417,0,14
0,0,60544.0,92,0,53,833,2,289,0,15
0,0,65685.0,54,0,42,252,1,769,0,21
0,0,37716.0,4,0,61,229,1,188,0,10
0,1,36864.0,53,0,57,845,1,354,1,14
0,0,44511.0,39,0,44,726,1,727,0,26
0,0,36947.0,49,0,47,881,2,146,0,11
0,0,47352.0,70,0,63,397,1,319,0,16
0,0,67087.0,40,0,61,354,1,794,0,22
0,0,57045.0,40,0,64,849,1,454,0,18
0,1,36957.0,43,0,61,910,2,152,1,11
0,0,69389.0,17,0,37,799,1,797,0,22
0,0,80134.0,40,0,42,565,1,1690,4,16
0,0,43142.0,84,0,45,291,2,20,0,4
0,0,80589.0,25,0,70,318,0,1428,2,21
0,1,34412.0,62,0,24,661,1,209,0,11
0,1,57537.0,83,0,35,426,1,545,0,19
1,0,22634.0,47,0,48,689,0,96,0,6
0,0,51315.0,45,0,66,286,0,222,0,10
0,0,36026.0,34,0,42,265,3,61,0,7
0,0,24639.0,3,0,41,312,2,44,0,9
0,0,34578.0,1,0,42,32,3,8,0,4
0,1,65704.0,18,0,42,419,0,817,0,23
0,1,63810.0,45,0,48,755,1,1371,1,23
0,0,54132.0,81,0,45,293,1,42,0,5
0,0,18690.0,77,0,55,708,0,60,0,5
0,0,28164.0,23,0,44,610,1,78,0,9
0,0,34596.0,48,0,40,602,1,23,0,4
0,0,43269.0,61,0,42,446,1,19,0,4
0,1,38741.0,60,0,56,251,2,61,0,7
0,1,31907.0,75,0,42,612,0,449,0,14
0,0,27100.0,64,0,31,581,1,37,0,5
0,1,31163.0,54,0,41,296,1,38,0,5
0,0,92533.0,84,0,29,352,0,1131,2,23
0,1,34853.0,75,0,41,348,2,34,0,7
0,1,70844.0,16,0,47,402,2,294,0,17
0,0,31086.0,79,0,35,610,2,48,1,6
0,0,60544.0,92,0,53,833,2,289,0,15
0,0,20491.0,16,0,28,680,0,30,0,4
0,0,42523.0,96,0,50,227,0,125,0,7
0,0,39922.0,30,0,31,660,1,156,0,9
0,0,33402.0,60,0,62,506,2,70,0,9
0,0,36408.0,11,0,65,441,2,22,0,4
0,0,21645.0,75,0,35,1002,1,65,1,9
0,1,78427.0,36,0,66,773,0,1930,2,23
0,0,82657.0,71,0,68,435,0,2283,2,23
0,0,51876.0,88,0,56,417,0,310,0,13
0,0,78041.0,93,0,43,720,0,1319,0,18
0,0,52852.0,93,0,57,1059,1,879,1,26
0,0,70038.0,54,0,32,407,0,1244,0,17
0,0,69401.0,41,0,41,258,1,690,0,17
0,0,46053.0,46,0,42,657,1,209,0,12
0,0,77343.0,28,0,49,91,0,1134,0,17
0,1,73892.0,40,0,61,388,0,1507,1,23
0,1,40304.0,82,0,47,432,1,57,0,6
0,0,32727.0,38,0,49,830,0,529,0,17
0,0,68695.0,3,0,45,164,0,1091,0,16
0,1,43300.0,87,0,43,784,1,180,1,11
0,0,26290.0,49,0,42,370,2,77,0,10
0,1,93790.0,16,0,44,4,0,2349,4,25
0,0,38410.0,65,0,40,813,0,534,1,18
0,1,64866.0,9,0,64,314,1,556,1,21
0,0,57957.0,24,1,55,474,1,637,0,25
0,0,46015.0,25,0,59,237,2,46,2,5
0,0,16531.0,43,0,36,171,1,44,0,9
0,0,28072.0,10,0,28,486,1,47,0,5
0,1,49476.0,29,0,51,534,1,795,0,22
0,0,50725.0,45,0,61,661,1,586,0,21
0,0,83844.0,57,0,62,366,0,1574,1,20
0,0,41145.0,20,0,64,126,2,13,0,4
0,0,67419.0,29,0,44,689,1,1471,0,25
0,0,23162.0,82,0,44,350,2,65,0,8
0,0,34380.0,68,0,37,669,1,175,0,12
0,1,34704.0,65,0,48,588,1,40,0,5
0,0,94871.0,99,0,45,1062,2,1078,3,18
0,0,65148.0,9,0,56,750,1,1115,0,21
0,0,39898.0,20,0,60,369,1,134,0,9
0,1,64857.0,78,0,58,743,0,1540,0,23
0,0,59892.0,26,0,44,663,1,87,0,7
0,1,41020.0,68,0,27,404,0,217,0,10
0,0,57072.0,79,0,53,316,1,1034,1,27
0,1,60474.0,25,0,35,701,1,1180,0,31
0,0,62807.0,83,0,54,827,1,819,0,23
0,0,19414.0,32,0,33,416,1,32,0,5
0,0,19107.0,49,0,34,471,1,46,0,6
0,0,75484.0,50,0,38,1032,1,1159,0,18
0,1,70379.0,84,0,38,643,1,860,0,25
0,0,79419.0,96,0,44,167,0,1631,0,15
0,0,64014.0,56,0,68,61,3,444,1,22
0,0,76998.0,85,0,59,400,1,1910,1,29
0,0,49854.0,63,0,42,421,1,380,0,18
0,0,60585.0,17,0,43,530,2,736,1,30
0,1,42873.0,11,0,64,684,2,269,0,15
0,0,87679.0,62,0,26,497,0,2524,4,29
0,0,57867.0,48,0,36,695,1,612,0,25
0,0,35765.0,86,0,24,389,1,75,0,8
0,0,65492.0,73,0,55,314,0,1045,0,26
0,1,32952.0,36,0,37,693,1,55,0,6
0,0,53374.0,34,0,45,842,1,1064,2,21
0,0,71706.0,16,0,55,753,1,1443,0,25
0,0,68487.0,48,0,26,692,0,1366,0,30
0,0,53253.0,61,0,39,399,2,436,0,19
0,1,31163.0,54,0,41,296,1,38,0,5
0,0,42014.0,56,0,37,841,1,436,1,20
0,0,54108.0,74,0,41,939,2,747,0,32
0,1,49667.0,35,0,59,838,0,1396,2,22
0,0,63206.0,65,0,40,261,0,928,1,14
0,0,57136.0,48,0,42,455,2,642,0,26
0,0,46772.0,88,0,39,878,1,1048,1,30
0,0,78931.0,19,0,43,407,0,943,0,24
0,0,53977.0,21,0,56,487,1,907,0,27
0,0,84219.0,27,0,26,307,0,1198,0,18
0,1,46098.0,86,0,39,840,2,120,0,11
0,0,73538.0,92,0,49,741,1,1658,0,26
0,0,79529.0,1,0,28,223,0,1638,0,22
0,0,20981.0,14,0,37,585,0,73,1,7
0,1,51766.0,74,0,34,33,1,275,0,12
0,0,55759.0,84,0,52,738,1,854,0,26
0,0,33039.0,4,0,36,453,1,78,0,7
0,0,37787.0,50,0,42,442,1,106,0,7
0,1,27242.0,2,0,44,755,1,106,1,7
0,1,87188.0,73,0,31,640,0,1923,1,19
0,0,69930.0,21,0,43,559,0,1662,0,22
0,1,37697.0,82,0,38,157,1,84,0,7
0,0,37401.0,14,0,41,184,1,48,0,7
0,1,3502.0,56,0,41,602,1,5,0,0
0,0,58597.0,20,0,38,746,2,733,0,32
0,1,82032.0,54,0,66,216,0,1234,0,17
0,0,28087.0,77,0,56,754,2,112,0,9
0,1,74004.0,5,0,27,285,0,1658,3,15
0,0,19740.0,65,0,54,622,1,55,0,7
0,0,57036.0,33,0,39,754,1,1513,1,26
0,0,53083.0,65,0,56,570,2,271,1,17
0,0,69283.0,41,0,39,175,1,904,0,27
0,1,46098.0,86,0,39,840,2,120,1,11
0,0,23331.0,92,0,26,971,1,103,0,8
0,1,23331.0,97,0,26,940,1,269,0,17
0,1,9255.0,91,0,25,351,1,22,0,5
0,1,67786.0,0,0,55,512,0,1156,1,16
0,0,71969.0,59,0,43,781,1,1086,1,19
0,1,59235.0,4,0,47,370,1,1128,0,28
0,0,31928.0,5,0,25,253,1,72,0,9
0,0,74881.0,48,0,53,490,2,964,0,27
0,0,65819.0,99,0,36,737,0,1383,0,20
0,1,51411.0,81,0,61,559,3,18,0,4
0,1,51983.0,95,0,50,827,1,793,0,24
0,0,42386.0,43,0,28,692,1,100,0,7
0,0,30390.0,5,0,27,665,0,80,0,6
0,1,30983.0,50,0,51,816,0,167,1,8
0,1,66033.0,76,0,57,685,1,677,0,20
0,0,37284.0,46,0,39,617,2,23,0,4
0,1,57530.0,68,0,63,361,1,92,0,7
0,0,76800.0,33,0,49,125,0,641,0,16
0,0,63943.0,50,0,58,1031,1,1106,0,17
0,0,76081.0,85,0,52,197,0,1033,1,14
0,0,67445.0,63,0,40,728,1,1174,0,32
0,0,37054.0,89,0,47,447,2,25,0,6
0,0,47175.0,81,0,52,769,2,240,2,17
0,1,31859.0,77,0,38,540,1,20,0,4
0,1,27215.0,50,0,53,682,3,102,0,11
0,1,70179.0,10,0,38,503,1,1034,0,26
0,0,39922.0,30,0,31,660,1,156,0,9
0,0,49681.0,66,0,38,604,2,458,0,21
0,0,24645.0,16,0,26,1060,1,17,0,4
0,1,79865.0,12,0,60,171,1,792,0,21
0,0,44322.0,30,0,29,173,1,92,0,8
0,1,47958.0,8,0,62,686,1,407,0,16
0,1,63972.0,93,0,50,1028,1,1269,1,23
0,0,75315.0,14,0,60,235,1,841,0,23
0,0,55517.0,53,0,64,800,2,633,1,23
0,0,75283.0,26,0,57,619,3,1019,0,25
0,1,82800.0,23,0,68,742,0,1315,3,26
0,0,38998.0,92,1,60,1000,2,54,0,8
0,1,90638.0,29,0,23,296,0,2525,2,18
0,0,27161.0,41,0,28,404,1,52,0,5
0,0,42014.0,56,0,37,841,1,436,1,20
0,0,38201.0,19,0,54,617,1,268,0,15
0,0,45203.0,4,0,32,258,2,147,1,8
0,0,81574.0,89,0,67,222,0,1798,2,18
0,0,34935.0,71,0,22,533,0,137,0,8
0,1,60482.0,81,0,38,682,1,507,0,17
0,0,34633.0,31,0,58,317,3,15,0,4
0,0,78093.0,53,0,67,389,0,1105,0,17
0,1,82460.0,78,0,64,662,0,974,0,15
0,0,45903.0,80,0,48,227,1,66,0,8
0,1,81361.0,18,0,27,284,0,778,1,27
0,1,35860.0,37,0,41,201,2,49,2,6
0,0,40442.0,52,0,62,839,2,169,1,12
0,0,61482.0,39,0,49,162,0,299,0,12
0,0,34968.0,11,0,34,428,1,221,0,17
0,0,75794.0,33,0,27,347,0,1682,1,25
0,0,31497.0,22,0,52,907,1,155,0,10
0,0,74268.0,83,0,59,660,0,892,0,13
1,0,13724.0,43,0,26,827,1,58,1,5
0,0,45143.0,74,0,49,467,1,311,0,15
0,1,52569.0,54,0,47,216,1,95,0,7
0,1,48432.0,3,0,41,779,1,424,1,19
0,0,17144.0,96,0,54,294,2,47,0,12
0,1,36108.0,68,0,30,417,1,339,1,15
0,0,76445.0,2,0,43,799,1,1410,0,21
0,0,36663.0,40,0,39,225,1,35,0,6
0,0,53843.0,64,0,49,527,1,562,0,20
0,0,90226.0,26,0,58,801,0,2352,1,24
0,1,70638.0,69,0,59,699,0,1334,1,20
0,0,44512.0,57,0,54,463,2,32,0,6
0,0,27116.0,78,0,53,306,2,41,0,7
0,0,54072.0,71,0,51,497,2,39,0,5
0,0,71855.0,59,0,37,689,1,1141,0,25
0,1,51250.0,28,0,24,616,1,710,1,24
0,0,60432.0,61,0,41,94,1,401,0,19
0,0,65526.0,22,0,50,32,1,506,0,17
0,1,68655.0,95,0,26,789,0,1538,0,21
0,0,12393.0,38,0,36,968,0,57,0,6
0,1,64509.0,19,0,24,476,0,1722,2,19
0,1,33955.0,92,0,39,454,1,270,0,15
0,0,31353.0,24,0,37,342,2,31,1,6
0,0,55434.0,21,0,30,575,1,882,0,24
0,0,28359.0,35,0,31,405,1,16,0,4
0,1,57100.0,9,0,27,202,1,311,0,14
0,0,69139.0,23,0,49,313,1,227,0,11
0,0,52973.0,92,0,58,847,1,1152,0,31
0,0,51717.0,55,0,49,473,1,122,1,8
0,0,18793.0,14,0,43,370,1,77,0,9
0,0,66664.0,78,0,32,802,0,1289,0,19
0,1,50664.0,64,0,55,689,2,561,0,24
0,0,54414.0,49,0,51,682,2,211,0,13
0,0,54549.0,8,0,62,278,1,233,0,12
0,1,47111.0,35,0,43,849,1,1092,0,21
0,1,41003.0,11,0,51,629,0,601,0,17
0,0,19444.0,8,0,32,287,1,54,1,10
0,0,36301.0,53,0,38,407,1,78,0,7
0,0,73059.0,36,0,67,462,1,1095,0,26
0,0,42731.0,64,0,45,411,1,244,0,13
0,0,52854.0,43,0,55,257,2,116,0,9
0,0,22775.0,40,0,36,535,1,15,0,4
0,0,46681.0,52,0,66,483,2,425,0,16
0,0,59821.0,11,0,59,367,1,734,0,26
0,1,50002.0,21,0,60,537,1,638,0,19
0,0,69755.0,23,0,69,664,0,894,0,22
0,0,44078.0,17,0,45,170,2,41,0,7
0,0,30560.0,6,0,38,527,1,31,0,5
0,0,35924.0,56,0,45,258,2,34,0,5
0,1,64140.0,71,0,50,439,2,1750,4,18
0,0,56386.0,51,0,33,770,2,612,0,25
1,0,24594.0,94,0,35,420,1,29,0,5
0,0,75774.0,27,0,33,304,1,823,0,21
0,1,39228.0,1,0,54,427,0,20,0,4
0,0,58494.0,56,0,40,359,1,396,0,16
0,1,58684.0,71,0,33,173,0,813,1,21
0,1,57136.0,18,0,47,567,0,1179,1,20
0,1,56551.0,48,0,64,154,2,138,0,10
0,0,22448.0,86,0,32,283,1,55,0,9
0,1,82014.0,48,0,53,838,0,1511,1,22
0,1,34213.0,2,0,51,880,2,117,1,9
0,0,157146.0,13,0,37,586,0,1730,0,28
0,1,25358.0,57,0,67,502,1,32,0,6
0,1,35544.0,77,0,36,125,1,67,0,6
0,0,36634.0,0,0,60,557,1,335,0,15
0,0,62670.0,57,0,60,307,1,825,0,22
0,0,50334.0,24,0,42,500,1,694,0,23
0,1,72066.0,55,0,33,166,0,1792,3,17
0,1,50729.0,62,0,56,669,2,496,0,24
0,0,34916.0,89,0,46,570,2,231,0,13
0,1,64892.0,77,0,38,191,1,902,0,24
0,1,43602.0,45,0,48,66,2,68,0,9
0,1,33996.0,46,0,25,392,0,71,0,6
0,1,41473.0,80,0,29,535,1,76,0,6
0,0,63246.0,60,0,47,473,2,772,0,22
0,0,36732.0,71,0,55,342,2,47,0,9
0,0,69084.0,43,0,44,382,1,1586,0,25
0,0,77766.0,97,0,47,652,1,1529,2,34
0,1,37929.0,49,0,29,494,0,265,3,13
0,0,86610.0,66,0,63,576,0,1603,0,18
0,0,80141.0,20,0,28,400,0,2091,2,22
0,0,72635.0,54,0,59,640,0,981,1,21
0,0,69016.0,61,0,44,744,1,1533,0,34
0,0,20193.0,18,0,23,738,0,82,0,7
0,0,27573.0,45,0,39,621,1,244,0,14
1,1,15862.0,26,0,35,527,1,36,0,5
0,0,49544.0,0,0,38,369,1,404,0,16
0,0,33228.0,28,0,34,317,1,71,0,6
0,0,70440.0,49,0,36,483,0,1572,1,23
0,0,38232.0,84,0,43,323,2,122,0,11
0,0,22554.0,38,0,59,1000,2,41,0,10
0,0,23536.0,53,0,31,244,1,10,0,4
0,0,49413.0,88,0,62,407,1,304,0,13
0,0,42231.0,99,0,45,256,2,37,0,5
0,1,78789.0,12,0,34,850,0,1754,1,16
0,0,56534.0,35,0,46,501,1,815,3,25
0,1,58350.0,5,0,43,614,1,1001,0,27
0,1,81217.0,77,0,25,505,0,1157,0,22
0,1,49090.0,45,0,63,505,1,688,0,21
0,1,61787.0,71,0,27,547,0,1319,0,19
0,0,18169.0,40,0,29,655,1,21,0,4
0,1,24336.0,82,0,33,831,1,31,0,4
0,0,18222.0,70,0,24,705,0,67,0,6
0,1,62335.0,87,0,62,562,1,708,0,21
0,0,42033.0,95,0,43,808,2,25,0,4
0,0,86580.0,72,0,31,647,0,746,1,11
0,1,41437.0,5,0,57,805,2,32,0,5
0,1,73705.0,86,0,63,217,2,1695,0,25
0,0,61064.0,80,0,38,827,1,1080,0,28
0,0,38452.0,62,0,59,251,2,72,0,9
0,1,18358.0,49,0,25,381,1,57,0,10
0,0,55012.0,85,0,41,260,1,660,0,25
1,0,9722.0,7,0,41,1030,1,103,1,11
0,0,38175.0,6,0,30,439,1,153,0,11
0,0,58656.0,25,0,58,807,1,1220,1,32
0,0,52117.0,55,0,49,842,1,279,0,13
0,0,64813.0,81,0,36,308,1,745,0,20
0,0,54222.0,98,0,41,337,1,264,0,12
0,0,83512.0,31,0,28,172,0,2157,5,22
0,0,77520.0,30,0,55,465,1,1526,4,23
0,0,41154.0,98,0,36,458,1,69,0,6
0,0,80398.0,92,0,48,786,0,1597,1,26
1,1,18746.0,41,0,22,191,1,64,0,8
0,0,35196.0,68,0,30,753,1,497,0,18
0,1,60230.0,78,0,58,565,1,1067,0,17
0,0,22108.0,46,0,37,123,2,31,0,7
0,0,44392.0,71,0,40,576,2,211,0,14
0,0,55424.0,6,0,38,741,1,877,2,25
0,0,17688.0,82,1,35,692,1,11,0,4
0,0,92491.0,71,0,31,700,0,2034,4,25
0,1,90273.0,32,0,23,357,0,1991,4,19
0,1,82571.0,28,0,52,305,0,1686,1,24
0,1,38513.0,20,0,32,312,1,324,1,17
0,1,16653.0,10,0,35,232,1,69,1,9
0,0,42586.0,7,0,59,768,2,252,1,16
1,1,23529.0,67,0,49,523,1,54,0,5
0,0,74881.0,48,0,53,490,2,964,0,27
0,0,71107.0,61,0,63,657,1,1327,0,28
0,0,46910.0,36,0,50,258,2,68,0,7
0,0,18690.0,77,0,55,708,0,60,0,5
0,1,37244.0,90,0,59,588,2,55,1,5
0,0,82427.0,35,0,48,3,0,1456,1,21
0,1,75342.0,38,0,56,549,1,563,0,18
0,1,70044.0,46,0,60,656,1,1504,0,26
0,1,79146.0,33,0,47,226,2,564,0,19
0,0,77437.0,70,0,51,375,0,1125,1,23
0,0,54984.0,51,0,55,196,1,358,1,17
0,0,42403.0,18,0,43,389,1,42,0,5
0,0,55761.0,97,0,50,226,1,184,1,10
0,0,37292.0,32,0,31,597,1,460,0,19
0,1,45576.0,9,0,69,192,0,145,1,8
0,0,70321.0,6,0,67,689,0,1376,1,25
0,1,58086.0,80,0,45,685,1,792,0,23
0,0,81795.0,74,0,62,771,0,1382,0,23
1,0,28389.0,49,0,67,746,0,28,0,4
0,0,66835.0,21,0,68,434,0,1033,0,24
0,1,69901.0,95,0,45,556,1,882,0,23
0,0,80360.0,56,0,65,643,0,2231,3,15
0,0,63342.0,48,0,53,781,1,1101,2,19
0,0,44989.0,26,0,40,727,1,369,0,16
0,1,31859.0,3,0,34,282,1,48,0,5
0,1,51569.0,39,0,65,369,1,467,2,19
0,1,30372.0,33,0,43,711,2,44,0,8
1,1,16014.0,42,0,35,629,2,38,0,10
0,0,41120.0,80,0,46,543,2,81,0,9
0,1,39763.0,9,0,43,607,1,167,1,10
0,0,38725.0,52,0,59,62,2,45,0,7
0,0,77981.0,78,0,42,559,1,664,0,21
0,0,62905.0,68,0,50,423,1,622,0,20
0,1,13533.0,45,0,35,429,1,48,0,7
0,0,59481.0,47,0,39,409,1,461,0,16
0,0,72117.0,34,0,37,473,1,1073,0,26
0,0,21955.0,81,0,28,515,1,55,0,8
0,0,67131.0,72,0,58,620,1,976,0,26
0,1,36802.0,23,0,34,173,1,20,0,5
0,0,71853.0,29,0,32,488,0,1149,0,17
1,0,28249.0,80,0,53,174,0,43,0,6
0,0,47808.0,30,0,39,412,1,224,1,10
0,1,25509.0,15,0,40,809,1,101,1,9
0,0,51012.0,86,0,68,597,0,209,0,10
0,1,70596.0,68,0,29,940,0,968,0,21
0,0,85431.0,54,0,62,487,0,1165,0,17
0,0,42664.0,44,0,47,263,1,24,0,5
0,0,42586.0,7,0,59,768,2,252,1,16
0,1,29760.0,87,0,29,829,1,165,0,12
0,0,28973.0,59,0,37,784,0,269,0,13
0,0,39435.0,16,0,41,546,1,102,0,7
0,0,65370.0,1,0,30,697,0,461,0,19
1,1,20194.0,64,0,35,719,1,47,0,7
0,1,42473.0,72,0,38,292,2,144,0,10
0,0,64590.0,98,0,46,783,0,1338,0,24
0,0,71232.0,91,0,55,373,1,917,0,25
0,0,34600.0,8,0,43,704,2,318,1,17
0,1,46904.0,20,0,47,1000,2,253,0,14
0,0,49094.0,6,0,41,806,1,502,0,20
0,0,36075.0,54,0,31,450,1,119,0,7
0,0,60839.0,72,0,35,830,2,1250,0,29
0,0,77298.0,46,0,35,663,1,969,0,24
0,0,34026.0,11,0,64,577,2,76,0,9
0,1,48918.0,21,0,51,2,2,62,0,7
0,0,82122.0,89,0,52,478,0,1382,1,26
0,1,37697.0,82,0,38,157,1,84,0,7
0,0,34074.0,69,0,62,511,2,255,1,14
0,0,28520.0,55,0,54,540,2,43,0,5
0,1,62535.0,13,0,59,636,1,398,0,14
0,1,36273.0,80,0,37,234,1,76,0,8
0,0,63404.0,97,0,50,183,2,902,1,15
0,0,75774.0,27,0,33,304,1,823,0,21
0,0,78416.0,99,0,38,162,1,1179,0,26
0,0,75702.0,87,0,40,783,1,1921,1,29
0,0,59385.0,85,0,63,587,2,185,0,10
0,1,37070.0,30,0,48,626,2,433,1,23
0,0,44689.0,82,0,63,66,2,34,1,6
0,0,53977.0,21,0,56,487,1,907,0,27
0,1,7144.0,92,0,48,512,2,416,0,25
0,1,18701.0,95,0,50,609,2,44,0,10
0,0,90369.0,2,0,58,222,0,1588,1,17
0,1,63159.0,74,0,40,939,0,1797,1,17
0,0,37758.0,49,0,48,970,2,40,0,6
0,1,46757.0,71,0,51,750,1,1143,0,21
0,0,79734.0,72,0,45,161,0,914,1,14
0,0,63207.0,68,0,22,685,0,1502,1,12
0,1,72071.0,4,0,60,660,1,1338,0,20
0,0,21840.0,80,0,31,503,1,27,0,5
0,0,58582.0,15,0,32,434,1,763,1,22
0,1,72282.0,70,0,63,505,0,1331,1,22
0,0,50387.0,91,0,58,462,2,525,0,19
0,0,32583.0,10,0,53,174,2,9,0,4
0,0,62568.0,99,0,52,155,1,953,1,16
0,1,44635.0,25,0,43,391,2,68,0,7
0,1,33316.0,34,0,43,605,2,131,0,10
0,0,63967.0,57,0,46,454,1,882,0,23
0,0,52513.0,84,0,36,971,0,1149,0,25
0,0,25293.0,51,0,45,447,1,37,0,5
0,1,54111.0,97,0,49,468,1,388,0,15
0,0,78394.0,13,0,28,659,0,1428,1,16
0,0,80739.0,92,0,56,562,0,1633,0,24
0,0,22669.0,30,0,39,563,1,173,1,10
0,1,29236.0,30,0,27,483,1,99,0,9
0,0,44911.0,11,0,55,631,1,215,0,12
0,0,54693.0,72,0,52,657,1,929,0,31
0,0,48186.0,39,0,40,261,1,219,0,12
0,0,54809.0,0,0,37,392,2,174,1,12
0,0,41580.0,15,0,36,785,2,92,0,9
0,0,80336.0,12,0,44,453,0,1052,0,25
0,0,47743.0,56,0,57,624,1,275,1,14
0,0,62972.0,39,0,59,1003,1,587,0,16
0,1,57333.0,55,0,60,805,1,1662,1,33
0,0,32313.0,60,0,32,399,1,159,0,11
0,1,84953.0,73,0,61,640,0,1024,4,18
0,1,27071.0,90,0,46,227,1,35,0,7
0,0,68148.0,86,0,57,462,0,1042,0,15
0,0,65735.0,37,0,49,512,2,395,0,19
0,0,86836.0,7,0,39,727,0,557,4,23
0,0,4023.0,29,0,51,166,2,9,0,15
0,0,30093.0,19,0,24,486,0,69,0,6
0,0,57705.0,14,0,48,35,1,486,0,18
0,1,25008.0,72,0,26,307,1,34,0,6
0,1,83257.0,56,1,19,809,0,1365,3,28
0,0,22280.0,85,0,39,566,1,13,0,4
0,0,72159.0,62,0,36,768,0,1401,0,21
0,0,64260.0,1,0,53,400,0,1574,1,14
0,1,82733.0,28,0,30,423,0,1323,1,20
0,1,74290.0,70,0,43,363,1,1217,2,32
0,1,58217.0,84,0,63,749,3,103,0,7
0,0,21024.0,89,0,38,608,0,84,0,7
0,0,70116.0,73,0,42,679,0,1536,0,23
0,0,54006.0,42,0,29,809,1,581,0,18
0,0,69063.0,16,0,48,878,1,928,0,14
0,1,11448.0,16,0,39,356,0,14,0,4
0,1,61825.0,56,0,35,516,1,424,0,15
0,0,70886.0,65,0,43,418,1,960,0,14
0,0,69109.0,10,0,32,816,0,1555,2,20
0,1,60208.0,13,0,41,879,2,656,2,29
0,0,32889.0,78,0,46,545,2,55,0,9
0,1,34738.0,51,0,30,31,1,20,0,5
0,0,30538.0,27,0,43,1061,1,367,0,17
0,0,82326.0,30,0,37,64,0,2257,4,22
0,1,26642.0,71,0,47,337,1,42,0,7
0,1,69932.0,97,0,50,365,1,1049,0,26
0,1,44503.0,83,0,42,234,2,48,0,7
0,1,60200.0,3,0,66,673,1,685,0,25
0,1,49638.0,71,0,62,231,1,39,0,5
0,1,23830.0,3,0,27,157,0,43,0,5
0,1,33051.0,15,0,55,842,0,835,1,21
0,0,72905.0,52,0,56,319,0,1515,1,20
0,0,69702.0,8,0,63,655,1,1039,0,26
0,1,70300.0,89,0,39,509,1,1596,0,26
0,0,70643.0,66,0,30,782,0,1828,1,18
0,0,30396.0,22,0,45,220,1,34,2,6
0,1,50616.0,56,0,46,232,1,149,0,10
0,1,62772.0,74,0,45,566,1,946,1,23
0,1,30298.0,48,0,29,201,0,28,0,6
0,1,52413.0,67,0,30,1000,1,450,0,17
0,0,44155.0,24,0,57,321,2,46,0,5
0,1,86979.0,67,0,43,513,0,1702,2,16
0,0,76532.0,38,0,39,453,2,820,0,25
0,0,42081.0,86,0,32,648,1,382,1,15
0,0,67546.0,90,0,26,827,0,2126,0,20
0,0,88420.0,87,0,25,304,0,2069,3,20
0,0,31158.0,62,0,29,678,1,72,0,7
0,1,61671.0,23,0,46,275,1,732,2,28
0,1,69719.0,99,0,40,194,0,801,0,11
0,1,49160.0,29,0,65,412,1,236,0,12
1,0,24882.0,52,0,36,818,1,80,1,5
0,1,90933.0,90,0,60,250,0,1685,1,15
0,1,113734.0,9,0,69,192,0,277,0,27
0,0,59292.0,71,0,64,541,1,507,0,18
0,0,45759.0,13,0,50,651,2,68,0,7
0,1,22148.0,16,0,31,237,0,49,0,5
0,0,73395.0,94,0,27,263,0,397,0,15
0,1,29819.0,77,0,43,408,1,39,0,9
0,0,45688.0,20,0,46,315,1,306,1,14
0,0,62820.0,51,0,60,396,0,976,0,14
0,0,60491.0,81,0,43,545,1,1028,0,28
0,0,33235.0,71,0,28,218,1,70,0,7
0,0,35701.0,36,0,55,627,0,46,0,5
0,0,31535.0,95,0,34,436,1,51,1,5
0,0,92556.0,32,0,54,230,0,1263,0,21
0,1,67384.0,32,0,44,786,1,1490,1,22
0,0,80573.0,85,0,43,783,0,1564,0,24
0,0,77870.0,93,0,47,836,1,1815,3,18
0,1,52278.0,24,0,51,680,1,1198,0,31
0,1,57107.0,44,0,46,834,1,416,3,23
0,0,18929.0,15,0,24,658,0,85,0,6
0,1,36038.0,82,0,33,554,1,47,0,8
0,1,20180.0,27,0,38,654,0,137,0,8
0,0,34230.0,72,0,49,710,2,21,0,4
0,1,31878.0,7,0,37,167,1,70,0,6
0,0,70932.0,57,0,42,321,1,909,0,22
0,1,91249.0,84,0,58,777,0,1676,5,22
0,1,77598.0,53,0,71,695,0,1735,1,26
0,1,80982.0,48,1,55,492,2,1191,0,30
0,0,22701.0,2,0,37,576,1,24,0,5
0,0,55212.0,65,0,45,743,1,1182,2,20
0,0,70617.0,45,0,44,531,0,1280,0,14
0,1,64849.0,42,0,57,753,0,1336,1,19
0,0,62694.0,29,0,49,537,2,749,0,24
0,0,61917.0,83,0,40,381,2,91,0,7
0,0,67472.0,93,0,67,434,1,414,0,15
0,0,21059.0,40,0,32,158,1,44,0,9
0,0,29543.0,47,0,46,336,2,63,0,8
0,0,75903.0,50,0,63,489,1,901,0,23
0,0,34984.0,40,0,39,910,2,38,0,6
0,1,54998.0,3,0,58,429,1,455,1,20
0,1,54356.0,62,0,65,747,1,775,1,24
0,0,34242.0,25,0,55,258,1,15,0,4
0,0,25410.0,48,0,41,462,1,38,0,6
0,0,73356.0,56,0,30,187,0,1512,4,22
0,0,28320.0,68,0,64,691,1,43,0,5
0,1,23763.0,64,0,37,881,1,42,0,5
0,0,72570.0,67,0,30,225,0,1089,0,23
0,0,34529.0,94,0,38,813,1,162,0,9
0,1,70792.0,82,0,63,552,0,1272,0,19
0,0,63211.0,3,0,32,1029,0,1173,1,20
0,0,83891.0,24,0,40,169,1,816,0,22
0,1,36065.0,54,0,46,615,2,74,0,9
0,0,39898.0,20,0,60,369,1,134,0,9
0,1,51141.0,96,0,74,486,0,157,0,9
0,0,56939.0,19,0,38,444,1,561,0,18
0,1,80872.0,60,0,63,1,0,1336,0,19
0,0,72335.0,2,0,38,845,0,2092,1,23
0,1,61798.0,13,0,50,378,0,463,0,16
0,1,76842.0,37,0,64,276,0,1130,0,17
0,0,29478.0,59,0,38,323,1,20,0,5
0,1,46998.0,55,0,58,775,1,377,1,18
0,1,96843.0,60,0,24,592,0,1544,2,28
0,1,56551.0,48,0,64,154,2,138,0,10
0,0,70053.0,38,0,49,639,1,1012,0,26
0,1,71670.0,8,0,52,455,0,1766,4,15
0,0,44359.0,19,0,36,172,2,45,0,9
0,1,40887.0,32,0,62,549,2,161,1,10
0,1,48877.0,27,0,48,219,1,144,0,8
0,0,74485.0,58,0,67,469,0,1734,0,26
0,0,64474.0,59,0,42,410,1,823,0,22
0,0,77226.0,29,0,51,281,1,1138,0,28
0,1,72643.0,60,0,65,647,0,1429,2,21
0,0,85738.0,41,0,36,317,0,1371,2,21
0,1,55686.0,27,0,48,660,1,982,1,16
0,1,39062.0,28,0,31,256,1,44,1,5
0,0,34600.0,8,0,43,704,2,318,1,17
0,0,40794.0,18,0,39,520,1,434,0,16
0,0,54690.0,76,0,43,513,2,198,0,12
0,0,4428.0,0,0,45,575,1,359,0,25
0,0,32632.0,32,0,51,1032,0,576,0,18
0,1,38236.0,2,0,46,442,2,88,0,11
0,0,36781.0,16,0,35,63,1,63,1,6
0,1,31385.0,56,0,30,938,1,27,2,4
0,0,24570.0,97,0,30,647,1,193,0,11
0,1,25509.0,15,0,40,809,1,101,1,9
0,0,94642.0,35,0,63,4,0,2211,2,21
0,0,58646.0,3,0,52,426,1,140,0,8
0,1,53201.0,49,0,39,369,2,415,0,22
0,0,21994.0,4,0,57,712,1,22,0,4
0,0,57113.0,45,0,36,552,2,263,0,16
0,0,51373.0,37,0,23,532,0,393,0,12
0,0,23477.0,39,0,28,411,1,147,0,10
0,0,58116.0,38,0,58,237,1,443,0,16
0,1,72968.0,8,0,51,355,0,1958,2,19
0,0,39791.0,89,0,43,618,1,174,0,10
0,1,91712.0,47,0,67,415,0,2217,2,27
0,1,94472.0,75,0,56,277,1,1691,2,16
0,0,13672.0,86,0,54,598,2,25,0,6
0,0,96547.0,4,0,34,197,0,809,4,21
0,0,79205.0,73,0,39,829,0,895,2,16
0,0,56559.0,46,0,39,711,1,484,0,18
0,0,32644.0,38,0,41,689,1,413,1,18
0,1,67506.0,73,0,34,308,1,331,0,12
0,1,24206.0,66,0,44,490,1,25,0,5
0,1,28420.0,36,0,47,347,1,13,0,4
0,0,22979.0,29,0,44,910,1,115,1,10
0,1,33279.0,29,0,48,0,0,16,0,4
0,1,46423.0,6,0,42,444,2,92,0,9
0,0,30368.0,97,0,37,513,1,52,0,7
0,0,63684.0,61,0,44,740,1,1464,0,23
0,1,41638.0,68,0,50,661,1,441,1,17
0,1,68805.0,73,0,55,445,1,283,0,12
0,0,65814.0,90,0,48,306,1,747,0,23
0,1,71964.0,81,0,56,565,0,1870,0,17
0,1,39146.0,1,0,28,660,1,165,0,11
0,0,96876.0,79,0,37,546,0,1941,4,24
1,0,34445.0,92,0,33,678,0,839,0,27
0,1,68281.0,31,0,56,881,0,1655,1,25
0,0,37284.0,46,0,39,617,2,23,0,4
0,0,36790.0,14,0,31,702,0,66,1,6
0,0,27943.0,89,0,47,600,2,37,0,8
0,1,22263.0,31,1,63,251,2,21,0,6
0,0,30261.0,75,0,42,802,3,22,0,4
0,0,28587.0,42,0,36,4,1,78,0,9
0,0,43815.0,53,0,32,581,1,79,0,6
0,0,48195.0,53,0,58,319,2,265,0,17
0,0,77027.0,23,0,62,218,1,1175,0,19
0,0,71322.0,57,0,49,658,1,1305,0,28
0,0,32765.0,49,0,35,286,1,46,0,8
0,0,29672.0,6,0,49,368,2,25,0,4
0,1,23272.0,29,0,61,415,0,46,0,5
0,0,49912.0,5,0,65,880,1,874,2,26
0,0,7500.0,98,0,29,1063,1,100,0,10
0,1,68117.0,80,0,67,429,1,930,2,25
0,0,67225.0,4,0,59,375,1,868,0,23
0,0,17649.0,70,0,38,360,1,45,0,9
0,0,55914.0,32,0,39,586,1,1260,0,29
0,0,40059.0,82,0,30,434,1,414,1,12
0,0,60905.0,27,0,64,573,1,392,0,15
0,0,75330.0,94,0,37,970,2,1109,0,29
0,1,60689.0,23,0,63,699,1,639,0,22
0,0,38680.0,97,0,30,618,1,79,0,6
0,0,61416.0,25,0,32,491,0,1665,1,24
0,1,49767.0,92,0,23,669,0,692,0,18
0,1,83273.0,98,0,44,802,3,1392,0,29
0,0,29009.0,19,0,33,372,1,44,0,7
0,0,45057.0,80,0,35,693,1,50,0,6
0,0,37150.0,80,0,43,757,1,467,0,21
0,1,43020.0,79,0,44,371,1,223,0,12
0,0,53154.0,50,0,55,91,1,158,0,9
0,0,65308.0,60,0,41,392,0,1211,2,28
0,1,76467.0,44,0,44,841,1,1575,1,14
0,0,81044.0,0,0,67,344,0,1208,0,22
0,0,32871.0,28,0,63,459,2,43,0,5
0,1,55801.0,35,0,39,440,2,527,1,21
0,1,76320.0,49,0,55,167,1,932,0,15
0,1,36927.0,46,0,59,303,2,71,0,8
0,0,48794.0,97,0,61,163,2,54,0,5
0,1,23478.0,51,0,49,627,0,129,0,7
0,1,71128.0,80,0,41,909,1,1615,0,27
0,1,70179.0,10,0,38,503,1,1034,0,26
0,0,59462.0,29,0,64,584,1,1088,0,25
0,0,38361.0,74,0,45,344,1,137,0,10
0,0,70038.0,54,0,32,407,0,1244,0,17
0,0,42554.0,93,0,36,370,2,41,0,7
0,0,67445.0,63,0,40,728,1,1174,0,32
0,1,67046.0,92,0,63,553,1,993,0,15
0,0,42192.0,40,0,66,545,0,100,0,7
0,0,77610.0,70,0,62,768,1,1680,0,17
0,0,31761.0,96,0,30,216,1,98,0,9
0,0,34350.0,81,0,35,413,1,48,0,5
0,0,54591.0,63,0,65,577,1,519,0,19
0,0,71866.0,85,0,58,346,1,715,0,20
0,0,25293.0,51,0,45,447,1,37,0,5
0,1,42000.0,23,0,27,431,0,653,1,20
0,0,69520.0,95,0,31,517,0,1455,0,21
0,1,64713.0,11,0,44,157,1,602,1,19
0,0,27889.0,42,0,37,578,1,26,0,5
1,1,22123.0,77,0,54,254,0,102,0,7
0,0,27803.0,40,0,41,832,1,176,0,9
0,0,51651.0,32,0,54,878,1,433,0,17
0,0,68487.0,48,0,26,692,0,1366,0,30
0,0,56796.0,24,0,45,658,1,1001,0,27
0,0,87000.0,61,0,22,721,0,961,0,18
0,0,79823.0,6,0,55,250,1,1518,1,23
0,1,30828.0,16,0,34,605,1,56,0,8
0,0,34109.0,39,0,43,543,1,22,0,4
0,1,53367.0,2,0,40,462,2,400,1,21
1,0,22390.0,49,0,45,411,0,26,0,4
0,0,71322.0,31,0,38,304,1,350,0,13
0,1,79244.0,58,0,21,717,0,1216,3,22
0,0,49912.0,5,0,65,880,1,874,2,26
0,0,48699.0,90,0,64,564,2,40,0,5
0,0,80144.0,47,0,39,432,0,1367,0,19
0,1,54252.0,25,0,58,557,2,264,0,15
0,0,81929.0,60,0,38,798,1,2053,3,20
0,0,76068.0,67,0,39,737,1,1376,2,10
0,0,53204.0,40,0,38,261,2,45,0,5
0,0,67911.0,63,0,65,198,1,976,0,27
0,0,14796.0,1,0,30,810,1,51,1,6
0,0,78128.0,89,0,40,290,1,1264,2,20
1,0,14188.0,40,0,42,646,0,75,0,7
1,0,20425.0,5,0,28,768,1,57,0,7
0,0,58646.0,3,0,52,426,1,140,0,8
0,1,72967.0,1,0,44,721,1,497,2,19
0,0,48150.0,24,0,65,487,1,266,0,13
0,1,82332.0,89,0,53,810,0,2006,2,21
0,1,58275.0,48,0,59,668,2,615,0,23
0,0,44953.0,31,0,33,715,0,1021,1,24
0,0,34587.0,68,0,61,204,2,22,0,6
0,0,43018.0,46,0,40,694,1,133,0,7
0,0,45736.0,92,0,60,500,1,437,0,19
0,0,66476.0,80,0,45,603,1,1013,0,26
0,0,27733.0,16,0,33,467,1,57,0,7
0,0,69805.0,50,0,62,319,1,1038,0,27
0,1,72217.0,93,0,52,428,0,1573,0,22
0,1,25818.0,51,0,43,779,1,28,0,4
0,0,37509.0,24,0,38,727,1,123,0,9
0,0,25176.0,79,0,38,424,2,13,0,4
0,0,43586.0,26,0,34,828,1,132,0,10
0,0,53230.0,86,0,58,1003,1,732,0,23
0,0,50116.0,68,0,57,169,2,66,1,7
0,0,84906.0,98,0,42,605,0,1631,3,24
0,0,61286.0,34,0,48,666,1,608,0,18
0,0,82333.0,60,0,28,616,0,1822,2,18
0,0,65220.0,3,0,49,1002,0,1282,1,23
0,0,33590.0,65,0,40,635,3,8,0,4
0,1,30992.0,83,0,38,593,1,43,0,5
0,1,72309.0,64,0,38,398,0,1931,2,20
0,0,156924.0,85,0,65,464,0,8,0,0
1,0,16005.0,69,0,34,844,1,103,0,8
0,1,65487.0,48,0,57,66,0,1169,0,17
0,0,58692.0,21,0,49,185,1,395,0,15
0,1,40590.0,30,0,45,664,2,258,1,15
0,1,20587.0,39,0,44,31,1,25,0,5
0,1,62637.0,76,0,60,337,1,185,0,10
0,1,29435.0,11,0,48,911,2,180,1,11
0,1,19346.0,26,0,40,310,1,22,0,5
0,0,35788.0,34,0,43,317,2,44,0,7
0,1,36997.0,72,0,46,703,2,94,0,12
0,0,23539.0,13,0,57,281,0,81,0,7
0,1,65333.0,58,0,41,323,1,798,2,28
0,1,78499.0,12,0,57,378,0,1334,2,19
0,0,29732.0,23,0,43,256,1,38,0,5
0,0,41275.0,33,0,54,257,3,61,0,11
0,0,63516.0,30,0,41,547,2,300,0,16
0,0,42769.0,15,0,52,361,1,88,0,8
0,0,49572.0,25,0,56,356,2,54,0,7
0,0,69209.0,4,0,42,810,0,1782,1,16
0,0,17148.0,80,0,38,312,1,68,0,11
0,1,40590.0,30,0,45,664,2,258,1,15
0,0,30560.0,6,0,38,527,1,31,0,5
0,0,32146.0,16,0,31,1,1,66,0,8
0,1,41713.0,57,0,50,221,2,174,0,13
0,0,34176.0,9,0,39,318,1,28,0,5
0,0,58482.0,59,0,59,3,1,731,1,22
0,1,59686.0,78,0,49,315,1,274,0,12
0,0,60896.0,90,0,50,756,1,1701,1,26
0,0,62994.0,74,0,34,247,1,312,0,13
0,0,47320.0,10,0,57,697,1,414,0,20
0,1,74859.0,63,0,65,640,0,1565,1,23
1,1,15253.0,13,0,22,404,1,29,0,6
0,1,31560.0,98,0,40,530,1,94,0,8
0,1,72071.0,4,0,60,660,1,1338,0,20
0,1,91172.0,94,0,24,619,0,1092,5,14
0,0,90000.0,91,0,30,348,0,1479,3,18
0,1,41967.0,66,0,33,378,2,54,0,5
0,1,69263.0,14,0,49,217,1,568,1,18
0,1,65706.0,77,0,44,526,0,1199,4,27
0,0,60934.0,41,0,39,323,1,873,0,23
0,0,71965.0,21,0,63,495,1,1213,0,17
0,0,65210.0,25,0,59,64,1,731,2,22
0,0,79174.0,2,0,39,400,0,2043,3,19
0,1,81380.0,51,0,47,714,0,1893,0,17
0,1,48432.0,3,0,41,779,1,424,0,19
0,0,52914.0,32,0,43,523,1,575,1,15
0,0,38946.0,84,0,59,408,1,257,0,12
0,0,26067.0,49,0,40,604,1,56,0,9
0,0,44325.0,69,0,42,521,1,542,1,21
0,0,42523.0,96,0,50,227,0,125,0,7
1,1,26487.0,23,0,36,565,1,69,0,9
0,0,53233.0,18,0,57,263,1,40,0,5
0,0,67716.0,8,0,54,431,1,1016,1,28
0,0,76234.0,21,0,42,187,1,907,1,23
0,0,84117.0,60,0,58,31,0,1566,1,24
0,0,65487.0,48,0,57,66,0,1169,0,17
1,0,25224.0,36,0,42,265,1,46,0,7
0,1,89616.0,36,0,31,649,0,1644,1,25
0,1,40851.0,63,0,43,653,2,59,0,5
0,0,27469.0,2,0,67,1032,0,17,0,4
0,0,82347.0,38,0,57,908,0,1853,3,25
0,0,73803.0,61,0,57,1063,1,1528,2,22
0,1,8820.0,52,0,62,624,2,35,0,10
0,1,43322.0,25,0,40,229,0,141,0,8
0,0,55593.0,63,0,41,472,1,546,1,17
0,0,50501.0,10,0,60,536,2,500,2,20
0,0,37085.0,65,0,39,163,2,61,0,10
1,1,16185.0,71,0,24,577,1,106,0,8
0,1,57731.0,0,0,45,743,1,704,0,26
0,1,48432.0,3,0,41,779,1,424,1,19
0,0,73807.0,88,0,36,673,1,849,0,23
0,0,18929.0,15,0,24,658,0,85,0,6
0,1,35893.0,80,0,46,782,2,199,0,15
0,0,61014.0,17,0,34,758,1,1147,0,20
0,0,32144.0,76,0,60,258,2,54,1,10
1,0,14918.0,52,0,51,877,1,43,0,5
0,1,45146.0,28,0,51,509,2,53,0,6
0,1,41769.0,31,0,59,661,1,521,0,22
0,0,88325.0,42,0,33,218,0,1623,0,18
0,1,38054.0,24,0,64,335,2,45,0,7
0,1,80617.0,42,0,19,726,0,1435,0,19
0,0,5305.0,12,0,38,494,1,32,0,1
0,0,36807.0,88,0,60,716,2,16,0,4
0,0,28427.0,67,0,31,625,1,52,0,7
0,1,82032.0,54,0,66,216,0,1234,0,17
0,0,22775.0,40,0,36,535,1,15,0,4
0,0,40101.0,73,0,29,783,1,415,0,17
0,0,58025.0,81,0,35,375,1,470,0,18
0,1,75777.0,12,0,32,608,0,1438,3,21
0,0,7500.0,7,0,35,519,1,53,0,11
0,0,33562.0,33,0,51,164,3,51,0,9
0,1,57642.0,24,0,44,96,1,679,1,22
0,0,58554.0,55,0,46,801,2,586,0,22
0,0,63777.0,87,0,35,622,2,653,0,26
0,1,57967.0,39,0,52,643,1,468,0,19
0,0,24434.0,9,0,42,202,2,50,0,7
0,1,11012.0,82,0,30,630,1,84,1,9
0,1,44802.0,71,0,44,837,0,1049,0,27
0,1,26816.0,50,0,28,841,0,22,0,4
0,0,34421.0,81,0,40,698,1,30,0,4
0,0,61223.0,46,0,47,541,1,1341,0,18
0,0,64014.0,56,0,68,61,3,444,1,22
0,1,56981.0,91,0,33,315,0,1241,1,19
0,0,69245.0,8,0,58,316,1,843,0,23
0,0,52869.0,40,0,60,782,2,172,1,11
